,price,resid_z,p_value,flag_conformal,flag_isoforest,flag_lof,votes,severity,flag
2016-06-27,111.96566009521484,,,0,0,0,0,0,0
2016-06-28,113.05154418945312,,,0,0,0,0,0,0
2016-06-29,115.88036346435547,,,0,0,0,0,0,0
2016-06-30,118.50841522216797,,,0,0,0,0,0,0
2016-07-01,118.3441390991211,,,0,0,0,0,0,0
2016-07-05,115.86209869384766,,,0,0,0,0,0,0
2016-07-06,115.85297393798828,,,0,0,0,0,0,0
2016-07-07,116.04461669921875,,,0,0,0,0,0,0
2016-07-08,118.70916748046875,,,0,0,0,0,0,0
2016-07-11,120.4885482788086,,,0,0,0,0,0,0
2016-07-12,119.36617279052734,,,0,0,0,0,0,0
2016-07-13,118.72740173339844,,,0,0,0,0,0,0
2016-07-14,120.04141235351562,,,0,0,0,0,0,0
2016-07-15,120.80792999267578,,,0,0,0,0,0,0
2016-07-18,121.75696563720703,,,0,0,0,0,0,0
2016-07-19,122.87937927246094,,,0,0,0,0,0,0
2016-07-20,122.93412017822266,,,0,0,0,0,0,0
2016-07-21,121.84820556640625,,,0,0,0,0,0,0
2016-07-22,121.79344940185547,,,0,0,0,0,0,0
2016-07-25,121.30982971191406,,,0,0,0,0,0,0
2016-07-26,123.05274200439453,,,0,0,0,0,0,0
2016-07-27,124.06564331054688,,,0,0,0,0,0,0
2016-07-28,121.37369537353516,,,0,0,0,0,0,0
2016-07-29,121.96684265136719,,,0,0,0,0,0,0
2016-08-01,121.55621337890625,,,0,0,0,0,0,0
2016-08-02,120.08706665039062,,,0,0,0,0,0,0
2016-08-03,120.33345031738281,,,0,0,0,0,0,0
2016-08-04,119.73118591308594,,,0,0,0,0,0,0
2016-08-05,120.20567321777344,,,0,0,0,0,0,0
2016-08-08,120.62545013427734,,,0,0,0,0,0,0
2016-08-09,121.01781463623047,,,0,0,0,0,0,0
2016-08-10,121.7078857421875,,,0,0,0,0,0,0
2016-08-11,122.37034606933594,,,0,0,0,0,0,0
2016-08-12,122.46234893798828,,,0,0,0,0,0,0
2016-08-15,123.8976821899414,,,0,0,0,0,0,0
2016-08-16,124.21047973632812,,,0,0,0,0,0,0
2016-08-17,123.952880859375,,,0,0,0,0,0,0
2016-08-18,124.21047973632812,,,0,0,0,0,0,0
2016-08-19,123.69525909423828,,,0,0,0,0,0,0
2016-08-22,124.20130157470703,,,0,0,0,0,0,0
2016-08-23,123.4192123413086,,,0,0,0,0,0,0
2016-08-24,122.63713836669922,,,0,0,0,0,0,0
2016-08-25,122.35192108154297,,,0,0,0,0,0,0
2016-08-26,121.66187286376953,,,0,0,0,0,0,0
2016-08-29,122.27830505371094,,,0,0,0,0,0,0
2016-08-30,120.3553695678711,,,0,0,0,0,0,0
2016-08-31,119.10404205322266,,,0,0,0,0,0,0
2016-09-01,119.51809692382812,,,0,0,0,0,0,0
2016-09-02,120.6773910522461,,,0,0,0,0,0,0
2016-09-06,122.36113739013672,,,0,0,0,0,0,0
2016-09-07,122.03911590576172,,,0,0,0,0,0,0
2016-09-08,122.27830505371094,,,0,0,0,0,0,0
2016-09-09,118.25758361816406,,,0,0,0,0,0,0
2016-09-12,119.72050476074219,,,0,0,0,0,0,0
2016-09-13,118.46919250488281,,,0,0,0,0,0,0
2016-09-14,117.46631622314453,,,0,0,0,0,0,0
2016-09-15,117.55831909179688,,,0,0,0,0,0,0
2016-09-16,116.5738525390625,,,0,0,0,0,0,0
2016-09-19,117.29151153564453,,,0,0,0,0,0,0
2016-09-20,117.57671356201172,,,0,0,0,0,0,0
2016-09-21,120.1253433227539,,,0,0,0,0,0,0
2016-09-22,121.33065795898438,,,0,0,0,0,0,0
2016-09-23,121.24784851074219,,,0,0,0,0,0,0
2016-09-26,120.13453674316406,,,0,0,0,0,0,0
2016-09-27,120.82460021972656,,,0,0,0,0,0,0
2016-09-28,121.66187286376953,,,0,0,0,0,0,0
2016-09-29,120.55777740478516,,,0,0,0,0,0,0
2016-09-30,121.21105194091797,,,0,0,0,0,0,0
2016-10-03,121.79989624023438,,,0,0,0,0,0,0
2016-10-04,121.68028259277344,,,0,0,0,0,0,0
2016-10-05,123.8976821899414,,,0,0,0,0,0,0
2016-10-06,123.67684936523438,,,0,0,0,0,0,0
2016-10-07,123.15241241455078,,,0,0,0,0,0,0
2016-10-10,124.98334503173828,,,0,0,0,0,0,0
2016-10-11,123.05118560791016,,,0,0,0,0,0,0
2016-10-12,122.5175552368164,,,0,0,0,0,0,0
2016-10-13,122.71995544433594,,,0,0,0,0,0,0
2016-10-14,122.83039093017578,,,0,0,0,0,0,0
2016-10-17,123.29044342041016,,,0,0,0,0,0,0
2016-10-18,124.30248260498047,,,0,0,0,0,0,0
2016-10-19,125.29617309570312,,,0,0,0,0,0,0
2016-10-20,124.98334503173828,,,0,0,0,0,0,0
2016-10-21,124.7901382446289,,,0,0,0,0,0,0
2016-10-24,126.46469116210938,,,0,0,0,0,0,0
2016-10-25,127.90922546386719,,,0,0,0,0,0,0
2016-10-26,133.90811157226562,,,0,0,0,0,0,0
2016-10-27,131.85635375976562,,,0,0,0,0,0,0
2016-10-28,131.5802764892578,,,0,0,0,0,0,0
2016-10-31,131.04666137695312,,,0,0,0,0,0,0
2016-11-01,131.0282745361328,,,0,0,0,0,0,0
2016-11-02,129.50094604492188,,,0,0,0,0,0,0
2016-11-03,128.82928466796875,,,0,0,0,0,0,0
2016-11-04,128.38763427734375,,,0,0,0,0,0,0
2016-11-07,131.59872436523438,,,0,0,0,0,0,0
2016-11-08,131.8397674560547,,,0,0,0,0,0,0
2016-11-09,134.5192108154297,,,0,0,0,0,0,0
2016-11-10,136.9297637939453,,,0,0,0,0,0,0
2016-11-11,137.69932556152344,,,0,0,0,0,0,0
2016-11-14,139.06222534179688,,,0,0,0,0,0,0
2016-11-15,137.31918334960938,,,0,0,0,0,0,0
2016-11-16,135.77085876464844,,,0,0,0,0,0,0
2016-11-17,134.74172973632812,,,0,0,0,0,0,0
2016-11-18,135.68739318847656,,,0,0,0,0,0,0
2016-11-21,136.30860900878906,,,0,0,0,0,0,0
2016-11-22,138.62646484375,,,0,0,0,0,0,0
2016-11-23,138.83042907714844,,,0,0,0,0,0,0
2016-11-25,139.10855102539062,,,0,0,0,0,0,0
2016-11-28,138.8582305908203,,,0,0,0,0,0,0
2016-11-29,140.59201049804688,,,0,0,0,0,0,0
2016-11-30,139.5906982421875,,,0,0,0,0,0,0
2016-12-01,141.287353515625,,,0,0,0,0,0,0
2016-12-02,141.1575469970703,,,0,0,0,0,0,0
2016-12-05,141.0740966796875,,,0,0,0,0,0,0
2016-12-06,141.14830017089844,,,0,0,0,0,0,0
2016-12-07,142.9098358154297,,,0,0,0,0,0,0
2016-12-08,144.0687713623047,,,0,0,0,0,0,0
2016-12-09,145.0886688232422,,,0,0,0,0,0,0
2016-12-12,145.7098388671875,,,0,0,0,0,0,0
2016-12-13,145.2462615966797,,,0,0,0,0,0,0
2016-12-14,143.21580505371094,,,0,0,0,0,0,0
2016-12-15,142.56678771972656,,,0,0,0,0,0,0
2016-12-16,143.24359130859375,0.31001630062748914,,0,0,0,0,0,0
2016-12-19,144.8012237548828,0.4272311230453375,,0,0,0,0,0,0
2016-12-20,144.9959259033203,-0.8356309254546056,,0,0,0,0,0,0
2016-12-21,146.0065155029297,1.396136208813304,,0,0,0,0,0,0
2016-12-22,145.98797607421875,-0.012750677552768052,,0,0,0,0,0,0
2016-12-23,146.31248474121094,-0.10231720004921065,,0,0,0,0,0,0
2016-12-27,146.0065155029297,-0.6820923644293543,,0,0,0,0,0,0
2016-12-28,144.72705078125,-0.15915740999667377,,0,0,0,0,0,0
2016-12-29,144.34693908691406,-0.7531998842926795,,0,0,0,0,0,0
2016-12-30,144.33763122558594,0.351752329226063,,0,0,0,0,0,0
2017-01-03,145.53369140625,-0.4496682190640378,,0,0,0,0,0,0
2017-01-04,147.06344604492188,0.7049051958862192,,0,0,0,0,0,0
2017-01-05,147.14691162109375,-0.3552719366422861,,0,0,0,0,0,0
2017-01-06,147.50851440429688,-0.33785418041948684,,0,0,0,0,0,0
2017-01-09,146.78533935546875,-0.20671423110884396,,0,0,0,0,0,0
2017-01-10,147.48069763183594,0.7593622746684111,,0,0,0,0,0,0
2017-01-11,147.78662109375,0.1409897529160815,,0,0,0,0,0,0
2017-01-12,146.7574920654297,-0.6409338184047075,,0,0,0,0,0,0
2017-01-13,147.2581787109375,-0.2319867249345451,,0,0,0,0,0,0
2017-01-17,146.18267822265625,-0.6624594500524682,,0,0,0,0,0,0
2017-01-18,146.78533935546875,0.285684309876836,,0,0,0,0,0,0
2017-01-19,147.415771484375,-0.026447825530771938,,0,0,0,0,0,0
2017-01-20,147.9071502685547,-3.621589474025335e-05,,0,0,0,0,0,0
2017-01-23,146.34030151367188,-1.23383775537904,,0,0,0,0,0,0
2017-01-24,148.8528594970703,1.1707290339684424,,0,0,0,0,0,0
2017-01-25,155.16668701171875,5.57874983016572,,0,0,0,0,0,0
2017-01-26,156.7984619140625,1.6239431635679507,,0,0,0,0,0,0
2017-01-27,155.4818878173828,-0.6977134138307916,,0,0,0,0,0,0
2017-01-30,153.5071258544922,-1.0158709821189367,,0,0,0,0,0,0
2017-01-31,151.51376342773438,-1.6572463330045608,,0,0,0,0,0,0
2017-02-01,152.02369689941406,0.3276618066988166,,0,0,0,0,0,0
2017-02-02,150.43824768066406,-1.607154456327534,,0,0,0,0,0,0
2017-02-03,150.5680389404297,-1.0578639811851407,,0,0,0,0,0,0
2017-02-06,152.032958984375,1.042408165635697,,0,0,0,0,0,0
2017-02-07,154.36935424804688,1.7260987627049649,,0,0,0,0,0,0
2017-02-08,153.18174743652344,-1.0461764305158476,,0,0,0,0,0,0
2017-02-09,153.62123107910156,-0.657544005318977,,0,0,0,0,0,0
2017-02-10,155.44473266601562,0.6062389046324984,,0,0,0,0,0,0
2017-02-13,157.1279296875,0.034877171732479735,,0,0,0,0,0,0
2017-02-14,157.5674591064453,-0.2768761651189221,,0,0,0,0,0,0
2017-02-15,158.31553649902344,-0.21732099360600632,,0,0,0,0,0,0
2017-02-16,159.72756958007812,0.8450742492113232,,0,0,0,0,0,0
2017-02-17,161.5043182373047,1.1123418481213807,,0,0,0,0,0,0
2017-02-21,164.1693878173828,1.1832535965071607,,0,0,0,0,0,0
2017-02-22,163.9823760986328,0.10423327644353697,,0,0,0,0,0,0
2017-02-23,165.38504028320312,1.0179919820564869,,0,0,0,0,0,0
2017-02-24,165.9274139404297,-0.13581356869351227,,0,0,0,0,0,0
2017-02-27,167.7882843017578,0.9085785171295795,,0,0,0,0,0,0
2017-02-28,168.53639221191406,0.934995674874452,,0,0,0,0,0,0
2017-03-01,171.9776153564453,0.48381628791167014,,0,0,0,0,0,0
2017-03-02,171.1173095703125,0.12041467571188183,,0,0,0,0,0,0
2017-03-03,170.35986328125,-0.7431836332359334,,0,0,0,0,0,0
2017-03-06,169.1909637451172,-0.5488073078872072,,0,0,0,0,0,0
2017-03-07,170.21023559570312,0.6446674272214062,,0,0,0,0,0,0
2017-03-08,169.9484405517578,-0.0522322647035648,,0,0,0,0,0,0
2017-03-09,168.8543701171875,-1.2068635569657193,,0,0,0,0,0,0
2017-03-10,167.10565185546875,-1.9213962120954904,,0,0,0,0,0,0
2017-03-13,167.43295288085938,-0.04171951095195066,,0,0,0,0,0,0
2017-03-14,167.13368225097656,0.2611421329786199,,0,0,0,0,0,0
2017-03-15,167.11500549316406,-1.428236359144795,,0,0,0,0,0,0
2017-03-16,166.62875366210938,0.10262718875792261,,0,0,0,0,0,0
2017-03-17,168.41482543945312,0.7131869522628763,,0,0,0,0,0,0
2017-03-20,167.75086975097656,-0.5635107196892792,,0,0,0,0,0,0
2017-03-21,164.54347229003906,-0.6657467028384811,,0,0,0,0,0,0
2017-03-22,165.49725341796875,0.28635068536629554,,0,0,0,0,0,0
2017-03-23,165.7590789794922,0.13868057406170167,,0,0,0,0,0,0
2017-03-24,164.4125213623047,-1.0953500148771282,,0,0,0,0,0,0
2017-03-27,164.6743621826172,0.47067905379518976,,0,0,0,0,0,0
2017-03-28,165.85260009765625,-0.3726271913507683,,0,0,0,0,0,0
2017-03-29,166.1051025390625,0.17348387556001965,,0,0,0,0,0,0
2017-03-30,166.43238830566406,-0.6072161293582024,,0,0,0,0,0,0
2017-03-31,165.38504028320312,-0.5592147058997102,,0,0,0,0,0,0
2017-04-03,165.1886749267578,-0.11767141742974714,,0,0,0,0,0,0
2017-04-04,167.10565185546875,1.021255413998897,,0,0,0,0,0,0
2017-04-05,165.5907440185547,-0.5948209620649304,,0,0,0,0,0,0
2017-04-06,165.86192321777344,-0.2060967109098831,,0,0,0,0,0,0
2017-04-07,167.24591064453125,0.6802835750930964,,0,0,0,0,0,0
2017-04-10,166.03961181640625,-1.063043677070133,,0,0,0,0,0,0
2017-04-11,166.98410034179688,0.3864490646545807,,0,0,0,0,0,0
2017-04-12,164.62759399414062,-1.088200887446079,,0,0,0,0,0,0
2017-04-13,164.22549438476562,0.2773440777644279,,0,0,0,0,0,0
2017-04-17,167.40489196777344,1.083309789127979,,0,0,0,0,0,0
2017-04-18,166.31082153320312,-0.743940444872791,,0,0,0,0,0,0
2017-04-19,166.8251190185547,0.276258138533598,,0,0,0,0,0,0
2017-04-20,167.66671752929688,-0.8694398413141865,,0,0,0,0,0,0
2017-04-21,168.67666625976562,0.6189965802575725,,0,0,0,0,0,0
2017-04-24,170.24766540527344,-0.7353213783406921,,0,0,0,0,0,0
2017-04-25,171.6035919189453,0.652960781821428,,0,0,0,0,0,0
2017-04-26,169.92037963867188,-1.3538413792363417,,0,0,0,0,0,0
2017-04-27,171.3323974609375,0.678957285820017,,0,0,0,0,0,0
2017-04-28,172.83792114257812,1.6839037461584865,,0,0,0,0,0,0
2017-05-01,170.55625915527344,-1.984774342154963,,0,0,0,0,0,0
2017-05-02,171.5381317138672,0.3061093870888263,,0,0,0,0,0,0
2017-05-03,171.4913330078125,-0.10800150386880676,,0,0,0,0,0,0
2017-05-04,171.192138671875,-0.7043044595771151,,0,0,0,0,0,0
2017-05-05,173.00625610351562,0.2380047955382729,,0,0,0,0,0,0
2017-05-08,173.9507293701172,0.7692487287611538,,0,0,0,0,0,0
2017-05-09,174.78297424316406,0.47994977796861016,,0,0,0,0,0,0
2017-05-10,172.6063232421875,-1.5377673438229351,,0,0,0,0,0,0
2017-05-11,173.3224334716797,0.5029185016381148,,0,0,0,0,0,0
2017-05-12,172.6722869873047,-0.24544574884166667,,0,0,0,0,0,0
2017-05-15,171.86195373535156,-1.3368960042152809,,0,0,0,0,0,0
2017-05-16,172.15403747558594,0.3783414375154139,,0,0,0,0,0,0
2017-05-17,168.46031188964844,-0.716138755888121,,0,0,0,0,0,0
2017-05-18,167.15997314453125,-1.666946860934524,,0,0,0,0,0,0
2017-05-19,170.32601928710938,0.6712807191872165,,0,0,0,0,0,0
2017-05-22,173.0680694580078,1.2374161670865587,,0,0,0,0,0,0
2017-05-23,172.8984375,-0.7114081152966686,,0,0,0,0,0,0
2017-05-24,174.55685424804688,0.7892629348453003,,0,0,0,0,0,0
2017-05-25,176.27178955078125,0.2046532051915845,,0,0,0,0,0,0
2017-05-26,175.81948852539062,-0.5813177596732358,,0,0,0,0,0,0
2017-05-30,176.09274291992188,0.5346080059390367,,0,0,0,0,0,0
2017-05-31,176.79945373535156,0.1493389759225755,,0,0,0,0,0,0
2017-06-01,176.50733947753906,-1.3633039495250483,,0,0,0,0,0,0
2017-06-02,179.24935913085938,1.3690320379420269,,0,0,0,0,0,0
2017-06-05,178.0432586669922,-0.22225213593717447,,0,0,0,0,0,0
2017-06-06,175.97024536132812,-0.8379388701630464,,0,0,0,0,0,0
2017-06-07,177.2423095703125,0.9044436310112108,,0,0,0,0,0,0
2017-06-08,178.96670532226562,1.056221045210116,,0,0,0,0,0,0
2017-06-09,179.0609130859375,-0.3763752586847476,,0,0,0,0,0,0
2017-06-12,179.03265380859375,0.08811678147082697,,0,0,0,0,0,0
2017-06-13,180.05972290039062,-0.20282770775684367,,0,0,0,0,0,0
2017-06-14,181.27528381347656,0.34541016606554636,,0,0,0,0,0,0
2017-06-15,184.16807556152344,1.9866004137771176,,0,0,0,0,0,0
2017-06-16,185.10092163085938,0.4707844773633617,,0,0,0,0,0,0
2017-06-19,187.58853149414062,0.11204454246991787,,0,0,0,0,0,0
2017-06-20,186.8817901611328,0.28409612474967594,,0,0,0,0,0,0
2017-06-21,187.67333984375,0.42217009183129756,,0,0,0,0,0,0
2017-06-22,187.92774963378906,0.7495836328019734,,0,0,0,0,0,0
2017-06-23,190.5566864013672,1.558342232618287,,0,0,0,0,0,0
2017-06-26,188.4365997314453,-1.4731812775544488,,0,0,0,0,0,0
2017-06-27,187.40951538085938,0.35773003668493797,,0,0,0,0,0,0
2017-06-28,188.0973663330078,-1.0090283514684881,,0,0,0,0,0,0
2017-06-29,186.0620574951172,0.02874984231669156,,0,0,0,0,0,0
2017-06-30,186.33531188964844,-0.4162125786802792,,0,0,0,0,0,0
2017-07-03,187.12681579589844,-0.032931057433578124,,0,0,0,0,0,0
2017-07-05,190.16094970703125,1.0061580441296019,,0,0,0,0,0,0
2017-07-06,189.85000610351562,0.8249749833245617,,0,0,0,0,0,0
2017-07-07,190.68861389160156,-0.6054839625721405,,0,0,0,0,0,0
2017-07-10,192.18685913085938,0.6986101165400204,,0,0,0,0,0,0
2017-07-11,194.363525390625,1.0920160790079412,,0,0,0,0,0,0
2017-07-12,194.523681640625,-0.7616852054853429,,0,0,0,0,0,0
2017-07-13,194.32582092285156,-0.5653526762221306,,0,0,0,0,0,0
2017-07-14,196.4741973876953,0.7191883049169923,,0,0,0,0,0,0
2017-07-17,196.93592834472656,0.16644437562228204,,0,0,0,0,0,0
2017-07-18,196.21978759765625,-0.372019731274314,,0,0,0,0,0,0
2017-07-19,198.70741271972656,0.810785775132156,,0,0,0,0,0,0
2017-07-20,198.1420440673828,-0.13906508227480296,,0,0,0,0,0,0
2017-07-21,199.89468383789062,1.288430889634652,,0,0,0,0,0,0
2017-07-24,199.93235778808594,-0.11750324318749623,,0,0,0,0,0,0
2017-07-25,200.19619750976562,-0.05165883361091296,,0,0,0,0,0,0
2017-07-26,219.97459411621094,12.7681014424682,,0,0,0,0,0,0
2017-07-27,227.0887908935547,3.8167517259199832,,0,0,0,0,0,0
2017-07-28,227.34323120117188,-0.4890367123506371,,0,0,0,0,0,0
2017-07-31,228.4645233154297,0.5320238159192575,,0,0,0,0,0,0
2017-08-01,225.6188201904297,-1.8268595607017537,,0,0,0,0,0,0
2017-08-02,224.21484375,-1.3075818432610091,,0,0,0,0,0,0
2017-08-03,224.4975128173828,-0.3026794071113696,,0,0,0,0,0,0
2017-08-04,223.98870849609375,-0.730172814837896,,0,0,0,0,0,0
2017-08-07,226.3632354736328,1.1640048727116323,,0,0,0,0,0,0
2017-08-08,225.67538452148438,-0.18220710314802185,,0,0,0,0,0,0
2017-08-09,222.10179138183594,-2.202282995870587,,0,0,0,0,0,0
2017-08-10,220.74630737304688,0.549299309008489,,0,0,0,0,0,0
2017-08-11,222.64210510253906,0.5549316396408309,,0,0,0,0,0,0
2017-08-14,224.7938232421875,-0.2724481017517482,,0,0,0,0,0,0
2017-08-15,226.7085723876953,0.9642309298402276,,0,0,0,0,0,0
2017-08-16,225.21087646484375,-0.9133704320712894,,0,0,0,0,0,0
2017-08-17,223.3151092529297,0.7940927205977344,,0,0,0,0,0,0
2017-08-18,223.48570251464844,0.295847721495342,,0,0,0,0,0,0
2017-08-21,223.40040588378906,-0.24541608335225737,,0,0,0,0,0,0
2017-08-22,227.2583465576172,0.6735226945566533,,0,0,0,0,0,0
2017-08-23,225.68482971191406,-0.3160308979094327,,0,0,0,0,0,0
2017-08-24,226.3009796142578,0.5001878175820743,,0,0,0,0,0,0
2017-08-25,223.59947204589844,-1.7483854253975817,,0,0,0,0,0,0
2017-08-28,224.82228088378906,0.42087489587873755,,0,0,0,0,0,0
2017-08-29,227.9597930908203,0.6173018991436701,,0,0,0,0,0,0
2017-08-30,227.93138122558594,-0.5685346716886494,,0,0,0,0,0,0
2017-08-31,227.1730499267578,-1.1671472100762588,,0,0,0,0,0,0
2017-09-01,227.80813598632812,0.5702664585087991,,0,0,0,0,0,0
2017-09-05,224.65162658691406,-1.0270165060414338,,0,0,0,0,0,0
2017-09-06,222.3956298828125,-1.3258733613342037,,0,0,0,0,0,0
2017-09-07,223.99758911132812,0.446178148310283,,0,0,0,0,0,0
2017-09-08,226.33889770507812,1.0907369390043258,,0,0,0,0,0,0
2017-09-11,228.0546112060547,-0.2792966918615496,,0,0,0,0,0,0
2017-09-12,228.0451202392578,-0.3258656327266328,,0,0,0,0,0,0
2017-09-13,229.3247833251953,0.510195876872607,,0,0,0,0,0,0
2017-09-14,232.45281982421875,0.9673413713251892,,0,0,0,0,0,0
2017-09-15,236.02639770507812,1.1231473660001232,,0,0,0,0,0,0
2017-09-18,239.89385986328125,0.17100648111617178,,0,0,0,0,0,0
2017-09-19,239.30613708496094,-0.9539461563705983,,0,0,0,0,0,0
2017-09-20,242.1498260498047,0.7224630749452016,,0,0,0,0,0,0
2017-09-21,242.69961547851562,-0.006600723028491848,,0,0,0,0,0,0
2017-09-22,243.08824157714844,-0.27122269262893084,,0,0,0,0,0,0
2017-09-25,241.06919860839844,-0.8506327637675375,,0,0,0,0,0,0
2017-09-26,240.48153686523438,-0.6989106235369856,,0,0,0,0,0,0
2017-09-27,241.97918701171875,-0.18594068232453098,,0,0,0,0,0,0
2017-09-28,241.02182006835938,-0.35867407158521375,,0,0,0,0,0,0
2017-09-29,240.96493530273438,-0.6289462440812471,,0,0,0,0,0,0
2017-10-02,242.65220642089844,-0.13768242060203864,,0,0,0,0,0,0
2017-10-03,242.1498260498047,-0.7975041600174104,,0,0,0,0,0,0
2017-10-04,242.43417358398438,-0.16689430566422464,,0,0,0,0,0,0
2017-10-05,245.40109252929688,0.5831451902974459,,0,0,0,0,0,0
2017-10-06,245.10726928710938,-0.2698708750970104,,0,0,0,0,0,0
2017-10-09,244.9271697998047,-0.26215450829594733,,0,0,0,0,0,0
2017-10-10,247.33480834960938,0.7702303729543051,,0,0,0,0,0,0
2017-10-11,247.81825256347656,0.1022601789527005,,0,0,0,0,0,0
2017-10-12,248.26376342773438,-0.3604564744972975,,0,0,0,0,0,0
2017-10-13,247.1547088623047,-0.4186846581536628,,0,0,0,0,0,0
2017-10-16,246.21630859375,-0.5763839234536909,,0,0,0,0,0,0
2017-10-17,245.14515686035156,-0.5578758030072254,,0,0,0,0,0,0
2017-10-18,246.4912109375,0.4975743378912501,,0,0,0,0,0,0
2017-10-19,245.54327392578125,-0.7395004658319752,,0,0,0,0,0,0
2017-10-20,250.95582580566406,1.2342198130367648,,0,0,0,0,0,0
2017-10-23,248.6523895263672,-0.8944756851471479,,0,0,0,0,0,0
2017-10-24,252.14065551757812,1.6907598596579512,,0,0,0,0,0,0
2017-10-25,244.95562744140625,-2.7259702254989064,,0,0,0,0,0,0
2017-10-26,245.7613067626953,0.5095242091279634,,0,0,0,0,0,0
2017-10-27,243.0977020263672,-1.824528779910529,,0,0,0,0,0,0
2017-10-30,245.74234008789062,1.4196271948187125,,0,0,0,0,0,0
2017-10-31,244.53855895996094,-0.7036108156829483,,0,0,0,0,0,0
2017-11-01,245.0314178466797,0.19949351698729592,,0,0,0,0,0,0
2017-11-02,248.9462432861328,0.9353544177751495,,0,0,0,0,0,0
2017-11-03,248.1121368408203,-0.7655014098778559,,0,0,0,0,0,0
2017-11-06,250.3112030029297,0.6767971562506262,,0,0,0,0,0,0
2017-11-07,252.263916015625,0.4845867968157943,,0,0,0,0,0,0
2017-11-08,251.7330322265625,-0.30432129700513494,,0,0,0,0,0,0
2017-11-09,250.35125732421875,0.16159797602233006,,0,0,0,0,0,0
2017-11-10,248.58819580078125,-0.7790930621691837,,0,0,0,0,0,0
2017-11-13,250.0844268798828,0.7655760357873382,,0,0,0,0,0,0
2017-11-14,249.4554443359375,-0.5863769869619755,,0,0,0,0,0,0
2017-11-15,250.50372314453125,0.6644318934889348,,0,0,0,0,0,0
2017-11-16,251.30419921875,-0.5044014796490316,,0,0,0,0,0,0
2017-11-17,249.9319305419922,-0.15682734841282453,,0,0,0,0,0,0
2017-11-20,252.1905059814453,0.6386654531625122,,0,0,0,0,0,0
2017-11-21,254.4395294189453,-0.007398500806403301,,0,0,0,0,0,0
2017-11-22,252.68606567382812,-0.735375364542836,,0,0,0,0,0,0
2017-11-24,253.38172912597656,-0.14529629459727852,,0,0,0,0,0,0
2017-11-27,253.0958251953125,-0.33205465254139993,,0,0,0,0,0,0
2017-11-28,255.39254760742188,-0.2969804156397113,,0,0,0,0,0,0
2017-11-29,256.6409606933594,0.22371558413423226,,0,0,0,0,0,0
2017-11-30,263.7884216308594,2.0393256241937454,,0,0,0,0,0,0
2017-12-01,258.6231994628906,-1.4315390871325389,,0,0,0,0,0,0
2017-12-04,264.9034118652344,2.2908291637272904,,0,0,0,0,0,0
2017-12-05,262.5876770019531,-0.6013649813315511,,0,0,0,0,0,0
2017-12-06,265.1893005371094,0.5791672250735261,,0,0,0,0,0,0
2017-12-07,268.7154541015625,0.6199326174321544,,0,0,0,0,0,0
2017-12-08,272.46063232421875,0.7036249419774597,,0,0,0,0,0,0
2017-12-11,269.8494567871094,-1.2315152359305361,,0,0,0,0,0,0
2017-12-12,276.310791015625,1.7266774519671872,,0,0,0,0,0,0
2017-12-13,278.1214599609375,0.20310899290017825,,0,0,0,0,0,0
2017-12-14,280.0655212402344,1.053013464676439,0.21912350597609562,0,0,0,0,0,0
2017-12-15,280.1227111816406,-1.2729971940167206,0.14285714285714285,0,0,0,0,0,0
2017-12-18,282.2193603515625,0.14788285851048402,0.8932806324110671,0,0,0,0,0,0
2017-12-19,283.2771911621094,0.6353005117841052,0.4921259842519685,0,0,0,0,0,0
2017-12-20,283.8966064453125,0.36983343828339815,0.6862745098039216,0,0,0,0,0,0
2017-12-21,281.1615295410156,-1.3707118066318513,0.11328125,0,0,0,0,0,0
2017-12-22,281.22821044921875,-0.11655955347129474,0.9299610894941635,0,0,0,0,0,0
2017-12-26,281.4759826660156,-0.08056494049097986,0.9573643410852714,0,0,0,0,0,0
2017-12-27,281.7237854003906,-0.28029785058655127,0.7606177606177607,0,0,0,0,0,0
2017-12-28,282.4194641113281,-0.26082325760128533,0.7961538461538461,0,0,0,0,0,0
2017-12-29,281.047119140625,-0.2389705114031852,0.8045977011494253,0,0,0,0,0,0
2018-01-02,282.8863830566406,-0.06358042079486312,0.9580152671755725,0,0,0,0,0,0
2018-01-03,283.80126953125,-0.7003971169282035,0.4144486692015209,0,0,0,0,0,0
2018-01-04,282.72442626953125,-1.5947832122215981,0.08333333333333333,0,0,0,0,0,0
2018-01-05,294.32232666015625,3.4089538606241963,0.01509433962264151,0,0,0,0,0,0
2018-01-08,295.57073974609375,0.09384755211830326,0.9473684210526315,0,0,0,0,0,0
2018-01-09,303.4615478515625,1.9968052710096926,0.033707865168539325,0,0,0,0,0,0
2018-01-10,305.2055358886719,0.3017403641989665,0.7313432835820896,0,0,0,0,0,0
2018-01-11,312.6960144042969,1.4871189907555322,0.10037174721189591,0,0,0,0,0,0
2018-01-12,320.40570068359375,1.1833322915407751,0.17407407407407408,0,0,0,0,0,0
2018-01-16,319.40509033203125,0.46652863526169613,0.6273062730627307,0,0,0,0,0,0
2018-01-17,334.51007080078125,3.4098677446688272,0.014705882352941176,0,0,0,0,0,0
2018-01-18,324.1700134277344,-2.877470717759886,0.02197802197802198,0,0,0,0,0,0
2018-01-19,321.8542785644531,-1.4684051837371552,0.11313868613138686,0,0,0,0,0,0
2018-01-22,322.111572265625,-0.5483177175381884,0.5781818181818181,0,0,0,0,0,0
2018-01-23,319.81488037109375,-0.9834320089179878,0.26811594202898553,0,0,0,0,0,0
2018-01-24,318.9571838378906,-0.3147117508230613,0.7220216606498195,0,0,0,0,0,0
2018-01-25,326.9813232421875,1.6240492356184215,0.08633093525179857,0,0,0,0,0,0
2018-01-26,327.0862121582031,-2.364850758851704,0.02867383512544803,0,0,0,0,0,0
2018-01-29,324.7990417480469,-0.8003868275041606,0.33214285714285713,0,0,0,0,0,0
2018-01-30,321.835205078125,-0.2785885341053127,0.7686832740213523,0,0,0,0,0,0
2018-01-31,337.71209716796875,3.8320093969917237,0.010638297872340425,0,0,0,0,0,0
2018-02-01,340.16131591796875,0.4316564832010891,0.6431095406360424,0,0,0,0,0,0
2018-02-02,332.5087890625,0.030474249643237833,0.9788732394366197,0,0,0,0,0,0
2018-02-05,313.4203186035156,-1.0978794723811036,0.21052631578947367,0,0,0,0,0,0
2018-02-06,324.8848571777344,0.9808838811968928,0.2762237762237762,0,0,0,0,0,0
2018-02-07,331.755859375,1.2789291805578833,0.16376306620209058,0,0,0,0,0,0
2018-02-08,315.7144470214844,-0.718495722244454,0.4097222222222222,0,0,0,0,0,0
2018-02-09,318.7503356933594,-1.337599543985015,0.14878892733564014,0,0,0,0,0,0
2018-02-12,329.25628662109375,1.2603902644102982,0.1724137931034483,0,0,0,0,0,0
2018-02-13,328.6433410644531,-1.054985516290842,0.24742268041237114,0,0,0,0,0,0
2018-02-14,330.2618713378906,-1.3615131145837567,0.14383561643835616,0,0,0,0,0,0
2018-02-15,341.38067626953125,1.0563645763436667,0.24573378839590443,0,0,0,0,0,0
2018-02-16,340.0207824707031,-0.5086751469693266,0.6054421768707483,0,0,0,0,0,0
2018-02-20,338.4022521972656,0.5631647773295341,0.5694915254237288,0,0,0,0,0,0
2018-02-21,337.4637145996094,-0.18892211235971804,0.8547297297297297,0,0,0,0,0,0
2018-02-22,340.86358642578125,0.409054768583579,0.67003367003367,0,0,0,0,0,0
2018-02-23,341.572265625,-1.3879780747374615,0.13087248322147652,0,0,0,0,0,0
2018-02-26,348.10382080078125,0.3613678424929325,0.6923076923076923,0,0,0,0,0,0
2018-02-27,349.2147216796875,1.379854569437112,0.13333333333333333,0,0,0,0,0,0
2018-02-28,346.8874816894531,0.31251509520530696,0.7342192691029901,0,0,0,0,0,0
2018-03-01,334.8970947265625,-1.0088635318086174,0.2814569536423841,0,0,0,0,0,0
2018-03-02,330.08953857421875,-2.0910142115026313,0.039603960396039604,0,0,0,0,0,0
2018-03-05,337.8276672363281,0.7639920400082046,0.3782894736842105,0,0,0,0,0,0
2018-03-06,334.1596984863281,-1.2546817848210587,0.18032786885245902,0,0,0,0,0,0
2018-03-07,332.3592224121094,-0.6137609021018958,0.5228758169934641,0,0,0,0,0,0
2018-03-08,333.977783203125,-0.02656726543145564,0.9837133550488599,0,0,0,0,0,0
2018-03-09,339.52276611328125,-0.20228536894084662,0.8506493506493507,0,0,0,0,0,0
2018-03-12,329.6297912597656,-1.7458169126101433,0.06796116504854369,0,0,0,0,0,0
2018-03-13,324.34332275390625,-0.9747655597585974,0.2967741935483871,0,0,0,0,0,0
2018-03-14,316.2890625,-1.8448442188455334,0.05787781350482315,0,0,0,0,0,0
2018-03-15,316.02093505859375,-0.42586059158666356,0.657051282051282,0,0,0,0,0,0
2018-03-16,316.49017333984375,0.2794892160211243,0.7731629392971247,0,0,0,0,0,0
2018-03-19,317.72564697265625,1.4237130476747242,0.12738853503184713,0,0,0,0,0,0
2018-03-20,323.3472900390625,1.2561290858804237,0.18412698412698414,0,0,0,0,0,0
2018-03-21,322.8397521972656,-0.14490181547754555,0.8987341772151899,0,0,0,0,0,0
2018-03-22,306.0895690917969,-2.2418535337632983,0.03470031545741325,0,0,0,0,0,0
2018-03-23,307.4207763671875,2.213733691254287,0.03773584905660377,0,0,0,0,0,0
2018-03-26,315.0536193847656,-0.802478556642159,0.3573667711598746,0,0,0,0,0,0
2018-03-27,307.53570556640625,-0.8361488555134029,0.346875,0,0,0,0,0,0
2018-03-28,306.48223876953125,0.059058416812456035,0.9595015576323987,0,0,0,0,0,0
2018-03-29,314.0097351074219,0.8942327937429605,0.33229813664596275,0,0,0,0,0,0
2018-04-02,308.79986572265625,0.5252417361552197,0.6006191950464397,0,0,0,0,0,0
2018-04-03,316.82537841796875,1.1462779267102565,0.2222222222222222,0,0,0,0,0,0
2018-04-04,313.58837890625,-2.2219594155591498,0.036923076923076927,0,0,0,0,0,0
2018-04-05,322.1692810058594,1.169634931745701,0.21779141104294478,0,0,0,0,0,0
2018-04-06,312.32415771484375,-0.4093590231132226,0.6758409785932722,0,0,0,0,0,0
2018-04-09,308.83819580078125,-1.1396868648628757,0.22865853658536586,0,0,0,0,0,0
2018-04-10,320.66571044921875,1.7240452039125556,0.0851063829787234,0,0,0,0,0,0
2018-04-11,313.5117492675781,-1.5893391709130904,0.11212121212121212,0,0,0,0,0,0
2018-04-12,323.20361328125,1.4629320100338088,0.1299093655589124,0,0,0,0,0,0
2018-04-13,315.35052490234375,-1.8655810430012063,0.06325301204819277,0,0,0,0,0,0
2018-04-16,317.7352294921875,-0.25485761162492127,0.8138138138138138,0,0,0,0,0,0
2018-04-17,322.4757995605469,0.011780806825092699,0.9910179640718563,0,0,0,0,0,0
2018-04-18,326.5747375488281,0.5666958930021034,0.5701492537313433,0,0,0,0,0,0
2018-04-19,326.22998046875,-0.009182866213914767,0.9910714285714286,0,0,0,0,0,0
2018-04-20,324.34332275390625,0.10380185677988685,0.9317507418397626,0,0,0,0,0,0
2018-04-23,324.5061340332031,-0.2747337489970699,0.7869822485207101,0,0,0,0,0,0
2018-04-24,315.13983154296875,-1.329995531567647,0.17404129793510326,0,0,0,0,0,0
2018-04-25,328.3560485839844,4.257731422332523,0.008823529411764706,0,0,0,0,0,0
2018-04-26,328.28900146484375,-0.9860261317232518,0.30791788856304986,0,0,0,0,0,0
2018-04-27,326.45977783203125,-0.5544242345500349,0.5877192982456141,0,0,0,0,0,0
2018-04-30,319.449462890625,-1.2989844124081351,0.1836734693877551,0,0,0,0,0,0
2018-05-01,315.5995178222656,-0.8356745834735729,0.3633720930232558,0,0,0,0,0,0
2018-05-02,310.475830078125,-1.0400198322196865,0.28695652173913044,0,0,0,0,0,0
2018-05-03,316.70086669921875,1.139310920371057,0.2398843930635838,0,0,0,0,0,0
2018-05-04,320.2826843261719,-0.22273740995921013,0.829971181556196,0,0,0,0,0,0
2018-05-07,326.02880859375,0.6390607779854371,0.514367816091954,0,0,0,0,0,0
2018-05-08,324.0559997558594,-1.2503551027621833,0.20057306590257878,0,0,0,0,0,0
2018-05-09,329.9266662597656,0.46707192086005883,0.6485714285714286,0,0,0,0,0,0
2018-05-10,331.1585998535156,-0.6148637117318044,0.5327635327635327,0,0,0,0,0,0
2018-05-11,329.6090087890625,-0.5953424126364457,0.5482954545454546,0,0,0,0,0,0
2018-05-14,331.6590881347656,0.9452352783706428,0.3286118980169972,0,0,0,0,0,0
2018-05-15,329.2818298339844,-0.2979975166902588,0.7570621468926554,0,0,0,0,0,0
2018-05-16,328.1749572753906,-0.8141824450210766,0.37183098591549296,0,0,0,0,0,0
2018-05-17,331.22601318359375,0.4828746685691391,0.6404494382022472,0,0,0,0,0,0
2018-05-18,338.0499572753906,1.636052077027849,0.09803921568627451,0,0,0,0,0,0
2018-05-21,350.26373291015625,1.4686381249971185,0.12569832402234637,0,0,0,0,0,0
2018-05-22,341.69775390625,-1.8537990373630007,0.06406685236768803,0,0,0,0,0,0
2018-05-23,345.73046875,0.6985754863143199,0.475,0,0,0,0,0,0
2018-05-24,345.5284118652344,-0.2109284268808607,0.8421052631578947,0,0,0,0,0,0
2018-05-25,346.57745361328125,0.3414455655189673,0.7237569060773481,0,0,0,0,0,0
2018-05-29,339.2530517578125,-0.4921236213847509,0.6308539944903582,0,0,0,0,0,0
2018-05-30,344.7487487792969,-0.04226817136624821,0.9642857142857143,0,0,0,0,0,0
2018-05-31,338.9450988769531,-0.6895381078199891,0.473972602739726,0,0,0,0,0,0
2018-06-01,343.33392333984375,-0.051630919684887526,0.9617486338797814,0,0,0,0,0,0
2018-06-04,347.1934509277344,0.28141895690232327,0.771117166212534,0,0,0,0,0,0
2018-06-05,346.5871276855469,-0.23335326630446346,0.8233695652173914,0,0,0,0,0,0
2018-06-06,357.6170654296875,1.5396128389538948,0.11653116531165311,0,0,0,0,0,0
2018-06-07,354.70074462890625,-1.061377483948796,0.2648648648648649,0,0,0,0,0,0
2018-06-08,355.63433837890625,-0.20265524271281518,0.8544474393530997,0,0,0,0,0,0
2018-06-11,357.0203552246094,0.04011054672768875,0.967741935483871,0,0,0,0,0,0
2018-06-12,356.71234130859375,0.10528272544729468,0.9249329758713136,0,0,0,0,0,0
2018-06-13,350.1964111328125,-1.233685919037414,0.20855614973262032,0,0,0,0,0,0
2018-06-14,348.8200378417969,-0.14764588325210792,0.888,0,0,0,0,0,0
2018-06-15,344.45037841796875,-0.9397649281332486,0.3271276595744681,0,0,0,0,0,0
2018-06-18,341.4281921386719,-0.6319590234655057,0.5145888594164456,0,0,0,0,0,0
2018-06-19,328.3193054199219,-2.2275728059169078,0.03439153439153439,0,0,0,0,0,0
2018-06-20,329.8304443359375,0.3532488352483355,0.7071240105540897,0,0,0,0,0,0
2018-06-21,324.9891357421875,-0.5136827123408038,0.6026315789473684,0,0,0,0,0,0
2018-06-22,326.1922607421875,-0.4242281504995664,0.6614173228346457,0,0,0,0,0,0
2018-06-25,318.7715759277344,-1.0042233487098717,0.3036649214659686,0,0,0,0,0,0
2018-06-26,318.8677978515625,-0.2755786863105066,0.7859007832898173,0,0,0,0,0,0
2018-06-27,317.443359375,0.414315596794598,0.671875,0,0,0,0,0,0
2018-06-28,322.09210205078125,0.5927121751364999,0.5428571428571428,0,0,0,0,0,0
2018-06-29,322.91986083984375,-0.043707650525571864,0.961139896373057,0,0,0,0,0,0
2018-07-02,323.4684753417969,-0.12950692731850857,0.9069767441860465,0,0,0,0,0,0
2018-07-03,320.4366760253906,-0.6352061417678716,0.5051546391752577,0,0,0,0,0,0
2018-07-05,320.6772766113281,-0.5925406699548706,0.5424164524421594,0,0,0,0,0,0
2018-07-06,322.0824890136719,-0.4571785186200743,0.6435897435897436,0,0,0,0,0,0
2018-07-09,329.0893249511719,0.5857026945003319,0.5447570332480819,0,0,0,0,0,0
2018-07-10,334.1326904296875,0.5287496824678023,0.5943877551020408,0,0,0,0,0,0
2018-07-11,327.8188171386719,-0.7073116557397399,0.43256997455470736,0,0,0,0,0,0
2018-07-12,333.0451354980469,-0.25525988902147856,0.8045685279187818,0,0,0,0,0,0
2018-07-13,337.62646484375,0.2570265251298796,0.8025316455696202,0,0,0,0,0,0
2018-07-16,342.7371826171875,1.1374796175975082,0.2297979797979798,0,0,0,0,0,0
2018-07-17,343.4879150390625,-0.3195017253811514,0.72544080604534,0,0,0,0,0,0
2018-07-18,346.71221923828125,0.18465708943700812,0.8618090452261307,0,0,0,0,0,0
2018-07-19,341.99609375,-0.8881939455069399,0.3358395989974937,0,0,0,0,0,0
2018-07-20,341.58221435546875,-0.10681474485304421,0.925,0,0,0,0,0,0
2018-07-23,340.0133972167969,-0.19433129073419594,0.8528678304239401,0,0,0,0,0,0
2018-07-24,344.8257751464844,0.25565254991302794,0.7985074626865671,0,0,0,0,0,0
2018-07-25,342.56396484375,-1.3243891954479783,0.1662531017369727,0,0,0,0,0,0
2018-07-26,345.83636474609375,0.6509607465683436,0.48267326732673266,0,0,0,0,0,0
2018-07-27,347.116455078125,1.0214951745653813,0.2765432098765432,0,0,0,0,0,0
2018-07-30,337.8863220214844,-1.5054336802791861,0.11330049261083744,0,0,0,0,0,0
2018-07-31,342.9296875,-0.062357381908711755,0.9508599508599509,0,0,0,0,0,0
2018-08-01,339.52252197265625,-0.6663970431048907,0.47058823529411764,0,0,0,0,0,0
2018-08-02,336.6062316894531,-0.9313838550270721,0.32273838630806845,0,0,0,0,0,0
2018-08-03,335.3646545410156,-0.582313987973359,0.5463414634146342,0,0,0,0,0,0
2018-08-06,333.56488037109375,-0.5702011257006544,0.5571776155717761,0,0,0,0,0,0
2018-08-07,337.59765625,0.5442029375094597,0.587378640776699,0,0,0,0,0,0
2018-08-08,334.7294006347656,-0.45453322576162575,0.6440677966101694,0,0,0,0,0,0
2018-08-09,332.4564208984375,-0.4057889837198415,0.6763285024154589,0,0,0,0,0,0
2018-08-10,328.2876281738281,-0.302788666870783,0.7397590361445783,0,0,0,0,0,0
2018-08-13,327.2720642089844,-0.20129321625978466,0.8509615384615384,0,0,0,0,0,0
2018-08-14,328.0265197753906,-0.39512413971877997,0.6738609112709832,0,0,0,0,0,0
2018-08-15,320.88836669921875,-1.10307751186016,0.22966507177033493,0,0,0,0,0,0
2018-08-16,334.6423645019531,2.187539352118744,0.0405727923627685,0,0,0,0,0,0
2018-08-17,335.0486145019531,-0.6677661091157521,0.4642857142857143,0,0,0,0,0,0
2018-08-20,339.24639892578125,0.8854518057131312,0.334916864608076,0,0,0,0,0,0
2018-08-21,342.1770324707031,0.178836386689696,0.8672985781990521,0,0,0,0,0,0
2018-08-22,338.5596618652344,-0.5447589208800874,0.5815602836879432,0,0,0,0,0,0
2018-08-23,336.0932312011719,-0.503107970690748,0.6061320754716981,0,0,0,0,0,0
2018-08-24,337.9309997558594,-0.25954703844422017,0.7976470588235294,0,0,0,0,0,0
2018-08-27,342.1480712890625,-0.10944212736384654,0.9225352112676056,0,0,0,0,0,0
2018-08-28,339.70098876953125,-0.7423544958697686,0.3957845433255269,0,0,0,0,0,0
2018-08-29,338.71441650390625,-0.6772511966270736,0.4532710280373832,0,0,0,0,0,0
2018-08-30,335.5321960449219,-0.18985207758106445,0.8554778554778555,0,0,0,0,0,0
2018-08-31,331.556884765625,-1.085723255493854,0.23953488372093024,0,0,0,0,0,0
2018-09-04,334.90350341796875,1.1016436288574964,0.2273781902552204,0,0,0,0,0,0
2018-09-05,335.31939697265625,0.3954561131388307,0.6736111111111112,0,0,0,0,0,0
2018-09-06,339.759033203125,0.36614085553442366,0.6905311778290993,0,0,0,0,0,0
2018-09-07,337.8342590332031,0.06109663480320274,0.9539170506912442,0,0,0,0,0,0
2018-09-10,330.6573486328125,-2.71047609930598,0.022988505747126436,0,0,0,0,0,0
2018-09-11,333.9363098144531,0.7113642447453428,0.4197247706422018,0,0,0,0,0,0
2018-09-12,341.8288879394531,1.8529309045420068,0.06178489702517163,0,0,0,0,0,0
2018-09-13,343.8116760253906,-0.39154260924028794,0.6757990867579908,0,0,0,0,0,0
2018-09-14,348.00946044921875,0.27220613429588325,0.7835990888382688,0,0,0,0,0,0
2018-09-17,344.29534912109375,-0.8789405957735716,0.33181818181818185,0,0,0,0,0,0
2018-09-18,351.6655578613281,0.8110473677686986,0.35374149659863946,0,0,0,0,0,0
2018-09-19,353.2518615722656,-0.09617829024129332,0.9411764705882353,0,0,0,0,0,0
2018-09-20,355.4184875488281,0.9343156289116025,0.3115124153498871,0,0,0,0,0,0
2018-09-21,360.03216552734375,1.040021484823835,0.2635135135135135,0,0,0,0,0,0
2018-09-24,355.93109130859375,-0.44578307031788095,0.6426966292134831,0,0,0,0,0,0
2018-09-25,355.1960144042969,0.056137673337383676,0.9573991031390134,0,0,0,0,0,0
2018-09-26,353.06805419921875,-0.41212019620895524,0.6621923937360179,0,0,0,0,0,0
2018-09-27,355.35076904296875,-0.0662075330640019,0.9464285714285714,0,0,0,0,0,0
2018-09-28,359.7129821777344,0.9998418529277594,0.28507795100222716,0,0,0,0,0,0
2018-10-01,369.76251220703125,1.782270573429851,0.06888888888888889,0,0,0,0,0,0
2018-10-02,373.7087707519531,0.7027079471654671,0.43458980044345896,0,0,0,0,0,0
2018-10-03,379.4444885253906,1.353149553492029,0.1504424778761062,0,0,0,0,0,0
2018-10-04,377.21014404296875,-0.14088295968579437,0.8940397350993378,0,0,0,0,0,0
2018-10-05,373.80548095703125,-0.14872977622658995,0.8810572687224669,0,0,0,0,0,0
2018-10-08,373.12847900390625,-0.44698353874578595,0.6351648351648351,0,0,0,0,0,0
2018-10-09,372.80926513671875,0.7335954537512557,0.40350877192982454,0,0,0,0,0,0
2018-10-10,355.42816162109375,-0.3807528570385373,0.6783369803063457,0,0,0,0,0,0
2018-10-11,346.3748474121094,0.88468169697142,0.3296943231441048,0,0,0,0,0,0
2018-10-12,348.3093566894531,-0.7758016641002374,0.37037037037037035,0,0,0,0,0,0
2018-10-15,347.1196594238281,-0.28155050767488693,0.7565217391304347,0,0,0,0,0,0
2018-10-16,356.1826171875,-0.2550315427910401,0.8026030368763557,0,0,0,0,0,0
2018-10-17,353.522705078125,-0.1739961925585423,0.8636363636363636,0,0,0,0,0,0
2018-10-18,347.5742492675781,-0.113247933653941,0.9157667386609071,0,0,0,0,0,0
2018-10-19,344.58551025390625,-0.7049605419723857,0.4224137931034483,0,0,0,0,0,0
2018-10-22,344.314697265625,0.8953863461946726,0.3161290322580645,0,0,0,0,0,0
2018-10-23,338.5790100097656,-0.7468053966863311,0.388412017167382,0,0,0,0,0,0
2018-10-24,343.0282287597656,5.254544916375631,0.006423982869379015,0,0,0,0,0,0
2018-10-25,351.8493347167969,1.5936677758333468,0.10042735042735043,0,0,0,0,0,0
2018-10-26,347.4968566894531,0.4004191287505142,0.6673773987206824,0,0,0,0,0,0
2018-10-29,324.5928649902344,-4.638837685392173,0.00851063829787234,0,1,1,2,2,1
2018-10-30,338.4435729980469,1.7859055053887625,0.07006369426751592,0,0,0,0,0,0
2018-10-31,343.2313232421875,-0.05569821362877342,0.9597457627118644,0,0,0,0,0,0
2018-11-01,351.17236328125,0.24030230818022819,0.8076109936575053,0,0,0,0,0,0
2018-11-02,346.02667236328125,-0.851215515161992,0.33544303797468356,0,0,0,0,0,0
2018-11-05,350.1180725097656,0.366277531309522,0.6884210526315789,0,0,0,0,0,0
2018-11-06,354.4609069824219,0.011176539686357793,0.9915966386554622,0,0,0,0,0,0
2018-11-07,359.82904052734375,-0.6915431287085699,0.44863731656184486,0,0,0,0,0,0
2018-11-08,360.2760009765625,0.40396846389695457,0.6631799163179917,0,0,0,0,0,0
2018-11-09,358.8865051269531,0.4166322491430093,0.6492693110647182,0,0,0,0,0,0
2018-11-12,346.9249267578125,-0.49502834438731824,0.6,0,0,0,0,0,0
2018-11-13,339.6177673339844,-1.941117485781175,0.05405405405405406,0,0,0,0,0,0
2018-11-14,334.96331787109375,-0.41349896192805485,0.6556016597510373,0,0,0,0,0,0
2018-11-15,331.90252685546875,-1.7076032992588956,0.08488612836438923,0,0,0,0,0,0
2018-11-16,326.4415588378906,-1.1781275230028763,0.20041322314049587,0,0,0,0,0,0
2018-11-19,311.8563537597656,-1.8453811953515311,0.06391752577319587,0,0,0,0,0,0
2018-11-20,308.7080993652344,0.9236648751021403,0.31275720164609055,0,0,0,0,0,0
2018-11-21,308.3388671875,-0.5082474274517648,0.5913757700205339,0,0,0,0,0,0
2018-11-23,303.4803771972656,-1.0071261181677538,0.2786885245901639,0,0,0,0,0,0
2018-11-26,307.406005859375,-0.025215569647348102,0.9856850715746421,0,0,0,0,0,0
2018-11-27,309.0287780761719,0.940065990979971,0.3020408163265306,0,0,0,0,0,0
2018-11-28,324.0608825683594,1.680397854865595,0.09164969450101833,0,0,0,0,0,0
2018-11-29,332.8644714355469,1.829177593883546,0.06707317073170732,0,0,0,0,0,0
2018-11-30,336.94561767578125,0.4432370400808873,0.6389452332657201,0,0,0,0,0,0
2018-12-03,349.7720031738281,1.382642065493047,0.1437246963562753,0,0,0,0,0,0
2018-12-04,332.8061828613281,-0.35521747259037356,0.7090909090909091,0,1,0,1,1,0
2018-12-06,322.5061950683594,-2.5877271403509674,0.02620967741935484,0,0,0,0,0,0
2018-12-07,314.0718688964844,-0.01211453498167523,0.9879275653923542,0,0,0,0,0,0
2018-12-10,317.1132507324219,0.5594816693665328,0.5562248995983936,0,0,0,0,0,0
2018-12-11,312.91552734375,-0.7655067225386556,0.38276553106212424,0,0,0,0,0,0
2018-12-12,317.4436340332031,0.4672773689726397,0.622,0,0,0,0,0,0
2018-12-13,316.2581481933594,-0.19007868153990493,0.8502994011976048,0,0,0,0,0,0
2018-12-14,309.7283630371094,0.18207970421659203,0.8605577689243028,0,0,0,0,0,0
2018-12-17,307.1825256347656,1.4249667994583397,0.13518886679920478,0,0,0,0,0,0
2018-12-18,318.7748718261719,2.6715389692613614,0.025793650793650792,0,0,0,0,0,0
2018-12-19,310.5057067871094,-0.42078669022248316,0.6514851485148515,0,0,0,0,0,0
2018-12-20,304.189697265625,0.6830040839782072,0.45454545454545453,0,0,0,0,0,0
2018-12-21,295.9302978515625,0.4634336940495886,0.6252465483234714,0,0,0,0,0,0
2018-12-24,285.8343505859375,0.5088691756077014,0.5866141732283464,0,1,0,1,1,0
2018-12-26,305.0447692871094,0.6316522067487313,0.49705304518664045,0,1,1,2,2,1
2018-12-27,308.1639404296875,-0.04730004908759831,0.9627450980392157,0,0,0,0,0,0
2018-12-28,307.4254455566406,-0.4698227023758847,0.6183953033268101,0,0,0,0,0,0
2018-12-31,313.3722229003906,0.5002622308948022,0.595703125,0,0,0,0,0,0
2019-01-02,314.6451110839844,-0.24590582079805892,0.8050682261208577,0,0,0,0,0,0
2019-01-03,302.10052490234375,-0.5774774692053357,0.5330739299610895,0,0,0,0,0,0
2019-01-04,317.82257080078125,0.35764000494849046,0.7067961165048544,0,1,0,1,1,0
2019-01-07,318.8234558105469,-0.6504876450949078,0.47674418604651164,0,0,0,0,0,0
2019-01-08,330.89190673828125,1.8441428949008878,0.06769825918762089,0,0,0,0,0,0
2019-01-09,334.0985107421875,0.19285163795349508,0.8494208494208494,0,0,0,0,0,0
2019-01-10,342.6300048828125,0.7491227570435396,0.3872832369942196,0,0,0,0,0,0
2019-01-11,342.9117736816406,0.12232674694019358,0.9057692307692308,0,0,0,0,0,0
2019-01-14,340.4436950683594,-0.5506831556083626,0.5585412667946257,0,0,0,0,0,0
2019-01-15,342.2704772949219,-0.2581557711607716,0.7931034482758621,0,0,0,0,0,0
2019-01-16,342.0955810546875,-0.19888706505582246,0.8451242829827916,0,0,0,0,0,0
2019-01-17,348.9266052246094,0.24965332965585352,0.8015267175572519,0,0,0,0,0,0
2019-01-18,354.4069519042969,-0.27014059544910185,0.7790476190476191,0,0,0,0,0,0
2019-01-22,347.7702331542969,-0.17481401375383535,0.8650190114068441,0,0,0,0,0,0
2019-01-23,348.460205078125,-0.621910714323077,0.48956356736242884,0,0,0,0,0,0
2019-01-24,348.12982177734375,-0.4064003808585991,0.6628787878787878,0,0,0,0,0,0
2019-01-25,353.8919982910156,0.2078701980872916,0.8260869565217391,0,0,0,0,0,0
2019-01-28,352.69677734375,0.426337075409606,0.6358490566037736,0,0,0,0,0,0
2019-01-29,354.5818786621094,-0.12074575768656026,0.9077212806026366,0,0,0,0,0,0
2019-01-30,376.7463073730469,3.2139000555100075,0.018796992481203006,0,1,0,1,1,0
2019-01-31,374.70574951171875,-0.8158377819661733,0.34146341463414637,0,0,0,0,0,0
2019-02-01,376.4644775390625,0.11592905729603616,0.9157303370786517,0,0,0,0,0,0
2019-02-04,385.763671875,1.087765174720061,0.23177570093457944,0,0,0,0,0,0
2019-02-05,398.5705871582031,2.112528099691549,0.04477611940298507,0,0,0,0,0,0
2019-02-06,399.4742431640625,0.1386634213741582,0.8975791433891993,0,0,0,0,0,0
2019-02-07,395.6802673339844,0.11029775819158995,0.9200743494423792,0,0,0,0,0,0
2019-02-08,395.4263916015625,-0.4662873620253711,0.614100185528757,0,0,0,0,0,0
2019-02-11,394.4888610839844,-0.4108647878557796,0.6555555555555556,0,0,0,0,0,0
2019-02-12,401.10028076171875,-0.07188750826586894,0.944547134935305,0,0,0,0,0,0
2019-02-13,400.96356201171875,-0.4715085812067114,0.5996309963099631,0,0,0,0,0,0
2019-02-14,400.22137451171875,0.31100928062671135,0.7237569060773481,0,0,0,0,0,0
2019-02-15,408.18048095703125,-0.16858342092123305,0.8658088235294118,0,0,0,0,0,0
2019-02-19,406.5105285644531,-0.6818350390945633,0.43669724770642204,0,0,0,0,0,0
2019-02-20,411.6766357421875,0.8413186037016422,0.32783882783882784,0,0,0,0,0,0
2019-02-21,407.79962158203125,-0.3000376506027828,0.7349177330895795,0,0,0,0,0,0
2019-02-22,414.1180725097656,0.2536054550201805,0.7937956204379562,0,0,0,0,0,0
2019-02-25,416.8720397949219,0.42317065083473515,0.6338797814207651,0,0,0,0,0,0
2019-02-26,416.77435302734375,-0.02901560195328705,0.9781818181818182,0,0,0,0,0,0
2019-02-27,425.2413330078125,1.3375614633160395,0.1560798548094374,0,0,0,0,0,0
2019-02-28,429.6554260253906,1.0849762960724216,0.2318840579710145,0,0,0,0,0,0
2019-03-01,430.29998779296875,-0.43465663590022413,0.6238698010849909,0,0,0,0,0,0
2019-03-04,422.5556945800781,-1.0199938932243477,0.259927797833935,0,0,0,0,0,0
2019-03-05,420.0458984375,-0.4151154233502836,0.6468468468468469,0,0,0,0,0,0
2019-03-06,414.5184631347656,-0.3726220770349263,0.6798561151079137,0,0,0,0,0,0
2019-03-07,412.6629638671875,0.4811655306965588,0.5906642728904847,0,0,0,0,0,0
2019-03-08,412.6434631347656,0.12849306285700263,0.9014336917562724,0,0,0,0,0,0
2019-03-11,390.6411437988281,-6.035860527001265,0.0035778175313059034,1,1,1,3,3,1
2019-03-12,366.6172790527344,-4.67957128505782,0.008928571428571428,1,1,1,3,3,1
2019-03-13,368.3067626953125,-0.7163533633575763,0.39928698752228164,0,0,0,0,0,0
2019-03-14,364.5567321777344,-0.4378003524319746,0.6227758007117438,0,0,0,0,0,0
2019-03-15,370.1134338378906,1.0195651690803214,0.261101243339254,0,0,0,0,0,0
2019-03-18,363.56060791015625,-1.847076779428579,0.06560283687943262,0,0,0,0,0,0
2019-03-19,364.68365478515625,0.2631388017903324,0.7769911504424779,0,0,0,0,0,0
2019-03-20,367.3497619628906,0.7340545514971186,0.39045936395759717,0,0,0,0,0,0
2019-03-21,363.9708251953125,-1.6885240298588393,0.09347442680776014,0,0,0,0,0,0
2019-03-22,353.68743896484375,-0.27474335752867995,0.7658450704225352,0,0,0,0,0,0
2019-03-25,361.783203125,1.6024363925845446,0.10896309314586995,0,0,0,0,0,0
2019-03-26,361.70513916015625,-0.700832588387384,0.42280701754385963,0,0,0,0,0,0
2019-03-27,365.4454345703125,1.1583617246268314,0.20665499124343256,0,0,0,0,0,0
2019-03-28,365.6700134277344,-0.43605782200306453,0.6258741258741258,0,0,0,0,0,0
2019-03-29,372.486572265625,0.4842235517037301,0.5881326352530541,0,0,0,0,0,0
2019-04-01,382.3695373535156,0.6059513015075841,0.4965156794425087,0,0,0,0,0,0
2019-04-02,381.5979919433594,-0.08359540222683413,0.9426086956521739,0,0,0,0,0,0
2019-04-03,375.728759765625,-0.7782286197141571,0.3559027777777778,0,0,0,0,0,0
2019-04-04,386.58831787109375,1.5595461424899286,0.11438474870017332,0,0,0,0,0,0
2019-04-05,382.7503662109375,-1.39083191782083,0.14186851211072665,0,0,0,0,0,0
2019-04-08,365.7481384277344,-3.4399034282197314,0.017271157167530225,0,0,0,0,0,0
2019-04-09,360.3965148925781,-0.3031122445369114,0.7327586206896551,0,0,0,0,0,0
2019-04-10,356.3925476074219,-0.6577852231503969,0.4612736660929432,0,0,0,0,0,0
2019-04-11,361.4902648925781,0.6908975623506265,0.43470790378006874,0,0,0,0,0,0
2019-04-12,370.7482604980469,0.86674104104133,0.3241852487135506,0,0,0,0,0,0
2019-04-15,366.6661071777344,-0.6551339888396874,0.4657534246575342,0,0,0,0,0,0
2019-04-16,372.7795104980469,0.9272363590178523,0.30256410256410254,0,0,0,0,0,0
2019-04-17,368.6778869628906,-0.7229339539981823,0.39761092150170646,0,0,0,0,0,0
2019-04-18,371.16815185546875,0.0031741958787895605,0.9982964224872232,0,0,0,0,0,0
2019-04-22,366.3829650878906,-1.118435246130114,0.21598639455782312,0,0,0,0,0,0
2019-04-23,365.2598571777344,-1.596815660861221,0.10865874363327674,0,0,0,0,0,0
2019-04-24,366.6661071777344,0.6926720380948216,0.43559322033898307,0,0,0,0,0,0
2019-04-25,373.8341979980469,1.51365284237089,0.1218274111675127,0,0,0,0,0,0
2019-04-26,371.8713073730469,-0.9335838250806957,0.30236486486486486,0,0,0,0,0,0
2019-04-29,370.1720275878906,-0.8309751265715376,0.342327150084317,0,0,0,0,0,0
2019-04-30,368.8439025878906,-0.8259229160052052,0.3434343434343434,0,0,0,0,0,0
2019-05-01,367.9747619628906,0.48123817311081846,0.6016806722689075,0,0,0,0,0,0
2019-05-02,366.9981689453125,-0.16013079225426596,0.8758389261744967,0,0,0,0,0,0
2019-05-03,367.6427001953125,-0.7446199555695437,0.3852596314907873,0,0,0,0,0,0
2019-05-06,362.89654541015625,-0.6202557977162892,0.49498327759197325,0,0,0,0,0,0
2019-05-07,348.8631286621094,-0.8730556808162405,0.32220367278797996,0,0,0,0,0,0
2019-05-08,351.3240661621094,0.21288457599160127,0.825,0,0,0,0,0,0
2019-05-09,347.8226013183594,-0.4875989912800999,0.5940099833610649,0,0,0,0,0,0
2019-05-10,348.3529357910156,-0.538842706218723,0.5614617940199336,0,0,0,0,0,0
2019-05-13,331.361083984375,-1.1077159761593989,0.21724709784411278,0,0,0,0,0,0
2019-05-14,336.93011474609375,0.07243706309416659,0.945364238410596,0,0,0,0,0,0
2019-05-15,339.4837951660156,0.3329917623678943,0.7173553719008264,0,0,0,0,0,0
2019-05-16,347.5082702636719,0.5462655535604732,0.5561056105610561,0,0,0,0,0,0
2019-05-17,348.69671630859375,1.0707456641652056,0.2355848434925865,0,0,0,0,0,0
2019-05-20,346.5064392089844,0.013390363450336475,0.9851973684210527,0,0,0,0,0,0
2019-05-21,352.36029052734375,0.4377026012420091,0.6338259441707718,0,0,0,0,0,0
2019-05-22,346.4966125488281,-0.8535556852551499,0.32459016393442625,0,0,0,0,0,0
2019-05-23,344.30633544921875,1.0124107584926887,0.265139116202946,0,0,0,0,0,0
2019-05-24,348.578857421875,0.6362779432798387,0.4820261437908497,0,0,0,0,0,0
2019-05-28,348.5592346191406,0.9934371648551635,0.27569331158238175,0,0,0,0,0,0
2019-05-29,342.58746337890625,-0.7199012518607906,0.40390879478827363,0,0,0,0,0,0
2019-05-30,343.638427734375,-0.23280062682419306,0.816260162601626,0,0,0,0,0,0
2019-05-31,335.5255432128906,-0.7647208349274355,0.3717532467532468,0,0,0,0,0,0
2019-06-03,332.8540344238281,-0.8562049145241766,0.3241491085899514,0,0,0,0,0,0
2019-06-04,338.4819641113281,-0.8357903411655684,0.3365695792880259,0,0,0,0,0,0
2019-06-05,342.53839111328125,-0.007369887667144237,0.9951534733441034,0,0,0,0,0,0
2019-06-06,344.394775390625,0.01004602037765987,0.9903225806451613,0,0,0,0,0,0
2019-06-07,347.4002380371094,-0.2565066110277388,0.7922705314009661,0,0,0,0,0,0
2019-06-10,347.4984436035156,0.1103650260970423,0.9163987138263665,0,0,0,0,0,0
2019-06-11,343.1080627441406,-0.1284857630544907,0.9004815409309791,0,0,0,0,0,0
2019-06-12,340.8490295410156,-0.6864773889791713,0.4423076923076923,0,0,0,0,0,0
2019-06-13,342.64642333984375,-0.06914292690609777,0.944,0,0,0,0,0,0
2019-06-14,340.9767150878906,-0.3774920201318773,0.6821086261980831,0,0,0,0,0,0
2019-06-17,348.578857421875,1.741725755386079,0.07814992025518341,0,0,0,0,0,0
2019-06-18,367.2993469238281,2.668794526970556,0.028662420382165606,0,0,0,0,0,0
2019-06-19,361.99554443359375,-1.2250320924580722,0.18600953895071543,0,0,0,0,0,0
2019-06-20,368.2029724121094,-0.26391799354579604,0.7777777777777778,0,0,0,0,0,0
2019-06-21,365.2171325683594,-0.19018517396153808,0.8446909667194928,0,0,0,0,0,0
2019-06-24,367.3288269042969,0.42810870968315023,0.6360759493670886,0,0,0,0,0,0
2019-06-25,362.7420349121094,-0.2525904221514549,0.7977883096366508,0,0,0,0,0,0
2019-06-26,368.2619323730469,1.2348908966118497,0.17823343848580442,0,0,0,0,0,0
2019-06-27,357.5364074707031,-2.3211779778458115,0.03307086614173228,0,0,0,0,0,0
2019-06-28,357.526611328125,-0.6794283395416394,0.449685534591195,0,0,0,0,0,0
2019-07-01,350.1110534667969,-1.8565337020512096,0.059654631083202514,0,0,0,0,0,0
2019-07-02,347.8520202636719,-0.7696849817575887,0.3652037617554859,0,0,0,0,0,0
2019-07-03,348.1565246582031,-0.6626299286995507,0.46635367762128327,0,0,0,0,0,0
2019-07-05,349.521728515625,0.4713334285473011,0.60625,0,0,0,0,0,0
2019-07-08,344.8661804199219,-0.34801232064645243,0.7098283931357254,0,0,0,0,0,0
2019-07-09,346.8011169433594,0.17716122498402637,0.8598130841121495,0,0,0,0,0,0
2019-07-10,346.025146484375,-0.28667886662626507,0.744945567651633,0,0,0,0,0,0
2019-07-11,352.6058349609375,1.1903868164524611,0.18944099378881987,0,0,0,0,0,0
2019-07-12,358.8230895996094,0.4899731898943221,0.5875968992248062,0,0,0,0,0,0
2019-07-15,355.1693115234375,-0.5732277464112076,0.5278637770897833,0,0,0,0,0,0
2019-07-16,356.2890319824219,0.4218162794256404,0.6476043276661515,0,0,0,0,0,0
2019-07-17,362.9384460449219,2.3525828835780405,0.032407407407407406,0,0,0,0,0,0
2019-07-18,354.67822265625,-2.076572871277616,0.04930662557781202,0,0,0,0,0,0
2019-07-19,370.6387939453125,3.308795744289431,0.02,0,0,0,0,0,0
2019-07-22,366.7690124511719,-0.9555057931007556,0.2857142857142857,0,0,0,0,0,0
2019-07-23,366.42523193359375,-0.861281275397968,0.3236196319018405,0,0,0,0,0,0
2019-07-24,354.9925537109375,-2.4882450998339305,0.03215926493108729,0,0,0,0,0,0
2019-07-25,341.89013671875,-2.3618461278842138,0.035168195718654434,0,0,0,0,0,0
2019-07-26,338.8551940917969,-0.8697667020780856,0.32213740458015266,0,0,0,0,0,0
2019-07-29,334.1505126953125,-0.8172003452685338,0.3490853658536585,0,0,0,0,0,0
2019-07-30,341.2713623046875,1.7602947348356073,0.0837138508371385,0,0,0,0,0,0
2019-07-31,335.10321044921875,-0.2620550767823839,0.7857142857142857,0,0,0,0,0,0
2019-08-01,328.3359680175781,-0.7875774107402119,0.36418816388467373,0,0,0,0,0,0
2019-08-02,333.5120849609375,1.7007379369383706,0.09545454545454546,0,0,0,0,0,0
2019-08-05,325.1634521484375,0.7217768859564474,0.40998487140695916,0,0,0,0,0,0
2019-08-06,326.5287170410156,-1.1170456092284513,0.2175226586102719,0,0,0,0,0,0
2019-08-07,325.477783203125,-0.41063901472297254,0.669683257918552,0,0,0,0,0,0
2019-08-08,332.4206848144531,-0.2359505076972629,0.8162650602409639,0,0,0,0,0,0
2019-08-09,333.6066589355469,0.6771481611128547,0.46015037593984964,0,0,0,0,0,0
2019-08-12,329.050537109375,0.05252971309641302,0.9579579579579579,0,0,0,0,0,0
2019-08-13,328.9714660644531,-1.0565976563726156,0.24287856071964017,0,0,0,0,0,0
2019-08-14,316.67681884765625,0.07553027363244678,0.9416167664670658,0,0,0,0,0,0
2019-08-15,324.1682434082031,1.259058164630875,0.17638266068759342,0,0,0,0,0,0
2019-08-16,326.5896301269531,-0.5565589780860289,0.5507462686567164,0,0,0,0,0,0
2019-08-19,329.8807373046875,-0.23045528831897785,0.819672131147541,0,0,0,0,0,0
2019-08-20,327.87445068359375,0.02739577453063456,0.9776785714285714,0,0,0,0,0,0
2019-08-21,336.0181579589844,1.0896872914350364,0.2288261515601783,0,0,0,0,0,0
2019-08-22,350.2697448730469,2.6176939820209433,0.02967359050445104,0,0,0,0,0,0
2019-08-23,351.8510437011719,2.3759254564887695,0.034074074074074076,0,0,0,0,0,0
2019-08-26,354.84564208984375,-0.2798504448954957,0.757396449704142,0,0,0,0,0,0
2019-08-27,350.58599853515625,-0.4016142570269246,0.6750369276218612,0,0,0,0,0,0
2019-08-28,355.7647705078125,0.5338742588413737,0.5663716814159292,0,0,0,0,0,0
2019-08-29,358.50238037109375,-0.6762554579466561,0.46097201767304863,0,0,0,0,0,0
2019-08-30,359.8366394042969,0.13226620571409906,0.8985294117647059,0,0,0,0,0,0
2019-09-03,350.2796325683594,-1.320152229347236,0.16740088105726872,0,0,0,0,0,0
2019-09-04,352.3649597167969,-0.5945115142763121,0.5175953079178885,0,0,0,0,0,0
2019-09-05,356.0909118652344,-0.0336444054048052,0.9707174231332357,0,0,0,0,0,0
2019-09-06,358.7593688964844,0.3867160528303616,0.6812865497076024,0,0,0,0,0,0
2019-09-09,354.5886535644531,-0.8505392282358823,0.33284671532846716,0,0,0,0,0,0
2019-09-10,365.1735534667969,1.9159603874343178,0.0641399416909621,0,0,0,0,0,0
2019-09-11,378.4664306640625,1.6439950235453156,0.10625909752547306,0,0,0,0,0,0
2019-09-12,371.2418518066406,-1.722283880720448,0.09447674418604651,0,0,0,0,0,0
2019-09-13,375.3235778808594,0.6112449055580127,0.5079825834542816,0,0,0,0,0,0
2019-09-16,374.4241943359375,-0.09530060155826366,0.9333333333333333,0,0,0,0,0,0
2019-09-17,379.71173095703125,0.6656974094741309,0.46888567293777134,0,0,0,0,0,0
2019-09-18,381.8959045410156,0.2207172556008228,0.8236994219653179,0,0,0,0,0,0
2019-09-19,379.94891357421875,-0.3114757346011273,0.7287157287157288,0,0,0,0,0,0
2019-09-20,374.9579162597656,-0.2765092700738751,0.7651296829971181,0,0,0,0,0,0
2019-09-23,372.6254577636719,-0.35628956569786435,0.7035971223021583,0,0,0,0,0,0
2019-09-24,377.1914978027344,1.2034475840654244,0.19540229885057472,0,0,0,0,0,0
2019-09-25,381.6883544921875,0.09289806063781704,0.9354375896700143,0,0,0,0,0,0
2019-09-26,382.37030029296875,0.09090094428989466,0.9355300859598854,0,0,0,0,0,0
2019-09-27,378.3873596191406,-0.1989476732463641,0.8412017167381974,0,0,0,0,0,0
2019-09-30,376.0252685546875,-0.7416607219915391,0.39285714285714285,0,0,0,0,0,0
2019-10-01,370.5599060058594,0.121683674102501,0.9015691868758916,0,0,0,0,0,0
2019-10-02,363.06842041015625,-0.014159137475757737,0.9829059829059829,0,0,0,0,0,0
2019-10-03,367.7234191894531,0.25936019510399416,0.7837837837837838,0,0,0,0,0,0
2019-10-04,371.3110046386719,-0.3656926606786361,0.6903409090909091,0,0,0,0,0,0
2019-10-07,372.1412048339844,0.43893977917417876,0.624113475177305,0,0,0,0,0,0
2019-10-08,369.7297058105469,0.6821728820549632,0.44192634560906513,0,0,0,0,0,0
2019-10-09,370.57965087890625,-0.48020264551936587,0.5983026874115983,0,0,0,0,0,0
2019-10-10,366.6659240722656,-1.1446014665217377,0.2076271186440678,0,0,0,0,0,0
2019-10-11,370.5401611328125,-0.14396977299066635,0.8829337094499294,0,0,0,0,0,0
2019-10-14,368.8204345703125,-0.282186175132963,0.7464788732394366,0,0,0,0,0,0
2019-10-15,366.6263732910156,-0.8890768282974751,0.30942334739803096,0,0,0,0,0,0
2019-10-16,368.0791931152344,0.31311284947305346,0.7205056179775281,0,0,0,0,0,0
2019-10-17,364.74859619140625,-0.9627622412743614,0.28330995792426367,0,0,0,0,0,0
2019-10-18,339.9813232421875,-3.9699331300332408,0.011204481792717087,0,1,0,1,1,0
2019-10-21,327.1925048828125,-2.7327330056872934,0.023776223776223775,0,0,0,0,0,0
2019-10-22,333.0631103515625,1.1183157972404325,0.2164804469273743,0,0,0,0,0,0
2019-10-23,336.522216796875,0.5670543813217425,0.5341701534170153,0,0,0,0,0,0
2019-10-24,340.5248718261719,0.40703084689588453,0.6629526462395543,0,0,0,0,0,0
2019-10-25,335.86004638671875,-0.8933908551520731,0.31154381084840055,0,0,0,0,0,0
2019-10-28,336.89776611328125,-0.1462133767795169,0.8805555555555555,0,0,0,0,0,0
2019-10-29,344.8537292480469,1.5058004685464013,0.1262135922330097,0,0,0,0,0,0
2019-10-30,342.0172424316406,-1.2553492073380248,0.1786703601108033,0,0,0,0,0,0
2019-10-31,335.9391174316406,-0.8119561699485045,0.35269709543568467,0,0,0,0,0,0
2019-11-01,341.1574401855469,0.26728930072466006,0.7762430939226519,0,0,0,0,0,0
2019-11-04,346.9884948730469,0.9524141771080552,0.2896551724137931,0,0,0,0,0,0
2019-11-05,354.1044006347656,1.4370508334881273,0.1349862258953168,0,0,0,0,0,0
2019-11-06,350.05230712890625,-0.8810549237591875,0.3204951856946355,0,0,0,0,0,0
2019-11-07,355.1966857910156,0.7190360053215114,0.41208791208791207,0,0,0,0,0,0
2019-11-08,348.92401123046875,-1.410158404634451,0.14266117969821673,0,0,0,0,0,0
2019-11-11,364.78961181640625,2.934775496060786,0.021917808219178082,0,0,0,0,0,0
2019-11-12,360.7337341308594,-0.9071548597784952,0.3091655266757866,0,0,0,0,0,0
2019-11-13,360.3559875488281,-0.13253498824084473,0.8961748633879781,0,0,0,0,0,0
2019-11-14,365.26678466796875,0.6572484557763112,0.47748976807639837,0,0,0,0,0,0
2019-11-15,369.481689453125,0.18999175606074795,0.8487738419618529,0,0,0,0,0,0
2019-11-18,367.2748107910156,-0.3164594186168,0.7197278911564626,0,0,0,0,0,0
2019-11-19,364.8293762207031,-0.23842702772527444,0.8084239130434783,0,0,0,0,0,0
2019-11-20,368.71624755859375,0.9718798833476693,0.28222523744911804,0,0,0,0,0,0
2019-11-21,364.2726745605469,-0.5327583272267146,0.5650406504065041,0,0,0,0,0,0
2019-11-22,369.1437072753906,0.6922419536566619,0.4397834912043302,0,0,0,0,0,0
2019-11-25,370.9231262207031,-0.08427161843421772,0.9391891891891891,0,0,0,0,0,0
2019-11-26,371.3008728027344,-0.1973939482106763,0.8421052631578947,0,0,0,0,0,0
2019-11-27,365.8234558105469,-1.0321648721122478,0.25471698113207547,0,0,0,0,0,0
2019-11-29,364.01422119140625,-0.07066999726821799,0.946164199192463,0,0,0,0,0,0
2019-12-02,353.07928466796875,-0.9268891088779031,0.3024193548387097,0,0,0,0,0,0
2019-12-03,349.99761962890625,0.023625299471462143,0.9825503355704698,0,0,0,0,0,0
2019-12-04,346.7767639160156,-0.9503973172732778,0.289544235924933,0,0,0,0,0,0
2019-12-05,343.6354675292969,-0.6970382402255068,0.43775100401606426,0,0,0,0,0,0
2019-12-06,351.9957275390625,1.1259724763991408,0.21122994652406418,0,0,0,0,0,0
2019-12-09,349.13275146484375,-0.08011746545282307,0.9399198931909212,0,0,0,0,0,0
2019-12-10,345.84234619140625,-0.575069809470641,0.5306666666666666,0,0,0,0,0,0
2019-12-11,347.929931640625,0.1647993813587594,0.8668442077230359,0,0,0,0,0,0
2019-12-12,344.24188232421875,-1.0172880662452628,0.261968085106383,0,0,0,0,0,0
2019-12-13,339.6492004394531,-0.7546513100742819,0.3837981407702523,0,0,0,0,0,0
2019-12-16,325.0659484863281,-2.9650195186244943,0.021220159151193633,0,0,0,0,0,0
2019-12-17,325.0659484863281,-0.03234339434218367,0.9721854304635762,0,0,0,0,0,0
2019-12-18,328.72418212890625,1.157863158800054,0.2037037037037037,0,0,0,0,0,0
2019-12-19,331.5274963378906,0.23337871357121862,0.8071334214002642,0,0,0,0,0,0
2019-12-20,326.0600280761719,-1.2954668795868358,0.16754617414248021,0,0,0,0,0,0
2019-12-23,335.5535583496094,1.4399736634118032,0.13175230566534915,0,0,0,0,0,0
2019-12-24,331.03045654296875,-0.7247818766235313,0.40657894736842104,0,0,0,0,0,0
2019-12-26,327.96868896484375,-0.8696711200712791,0.328515111695138,0,0,0,0,0,0
2019-12-27,328.1874084472656,0.21910303475350712,0.8188976377952756,0,0,0,0,0,0
2019-12-30,324.4695129394531,-0.3287616956194165,0.7116644823066841,0,0,0,0,0,0
2019-12-31,323.83331298828125,-0.08985886425995517,0.9332460732984293,0,0,0,0,0,0
2020-01-02,331.34857177734375,0.34327088394418365,0.7045751633986929,0,0,0,0,0,0
2020-01-03,330.7919006347656,0.05242886620374477,0.9569190600522193,0,0,0,0,0,0
2020-01-06,331.7660827636719,0.0732317370481222,0.940026075619296,0,0,0,0,0,0
2020-01-07,335.28515625,0.9061179354247738,0.30859375,0,0,0,0,0,0
2020-01-08,329.41009521484375,-0.8590144073901286,0.33159947984395316,0,0,0,0,0,0
2020-01-09,334.3507080078125,0.7283227481605844,0.4051948051948052,0,0,0,0,0,0
2020-01-10,327.96868896484375,-0.9218083899224558,0.3035019455252918,0,0,0,0,0,0
2020-01-13,328.26690673828125,-0.24805689639203304,0.7940414507772021,0,0,0,0,0,0
2020-01-14,330.3843078613281,0.7255278651909567,0.40620957309184996,0,0,0,0,0,0
2020-01-15,327.8493957519531,-0.5526233994551008,0.5516795865633075,0,0,0,0,0,0
2020-01-16,330.036376953125,-0.013748827207849281,0.984516129032258,0,0,0,0,0,0
2020-01-17,322.2328186035156,-1.472666837592925,0.125,0,0,0,0,0,0
2020-01-21,311.5165710449219,-1.9868720011748604,0.05662805662805663,0,0,0,0,0,0
2020-01-22,307.17242431640625,-0.6133569773478738,0.506426735218509,0,0,0,0,0,0
2020-01-23,315.9104309082031,1.4315725674647786,0.13350449293966624,0,0,0,0,0,0
2020-01-24,321.1393127441406,1.2440330585920154,0.18076923076923077,0,0,0,0,0,0
2020-01-27,314.72747802734375,-0.34197851452021283,0.70550576184379,0,0,0,0,0,0
2020-01-28,314.6877136230469,-0.5175469272519739,0.571611253196931,0,0,0,0,0,0
2020-01-29,320.1153869628906,1.0686116059177306,0.23754789272030652,0,0,0,0,0,0
2020-01-30,321.3878173828125,0.0919040043847848,0.9285714285714286,0,0,0,0,0,0
2020-01-31,316.3875732421875,0.24036504974068007,0.7987261146496816,0,0,0,0,0,0
2020-02-03,314.1310119628906,-0.015724822577902857,0.9821882951653944,0,0,0,0,0,0
2020-02-04,316.0595397949219,-0.5164451139479831,0.5705209656925032,0,0,0,0,0,0
2020-02-05,327.6008605957031,1.5561974840305088,0.11548223350253807,0,0,0,0,0,0
2020-02-06,339.4106140136719,2.1414059427952377,0.049429657794676805,0,0,0,0,0,0
2020-02-07,334.75830078125,-0.4380475428907274,0.6265822784810127,0,0,0,0,0,0
2020-02-10,342.6314697265625,1.3702537370890087,0.1504424778761062,0,0,0,0,0,0
2020-02-11,342.3829345703125,0.020231573477669778,0.9810606060606061,0,0,0,0,0,0
2020-02-12,345.39501953125,0.5999799768942082,0.5132408575031526,0,0,0,0,0,0
2020-02-13,342.82000732421875,0.010996240715658327,0.9911838790931989,0,0,0,0,0,0
2020-02-14,340.489990234375,-0.4570248356008191,0.6163522012578616,0,0,0,0,0,0
2020-02-18,338.8800048828125,0.04710102908774279,0.9585427135678392,0,0,0,0,0,0
2020-02-19,338.29998779296875,0.10063366039217748,0.918444165621079,0,0,0,0,0,0
2020-02-20,336.2799987792969,0.029234775874819353,0.9699248120300752,0,0,0,0,0,0
2020-02-21,330.3800048828125,-1.071320254818514,0.23529411764705882,0,0,0,0,0,0
2020-02-24,317.8999938964844,-0.5615225840798678,0.54,0,0,0,0,0,0
2020-02-25,304.1400146484375,-0.35286648138928717,0.6966292134831461,0,0,0,0,0,0
2020-02-26,305.5899963378906,1.1344435944625697,0.21072319201995013,0,0,0,0,0,0
2020-02-27,287.760009765625,-1.1863172320373216,0.1930261519302615,0,1,1,2,2,1
2020-02-28,275.1099853515625,-2.1232839616963197,0.04975124378109453,0,0,0,0,0,0
2020-03-02,289.2699890136719,1.42397834555942,0.13788819875776398,0,1,0,1,1,0
2020-03-03,280.6199951171875,-0.6594145571723917,0.47270471464019853,0,0,0,0,0,0
2020-03-04,283.1199951171875,-2.0797852985598073,0.05328376703841388,0,0,0,0,0,0
2020-03-05,260.3699951171875,-2.250794248320998,0.04084158415841584,0,1,1,2,2,1
2020-03-06,262.3299865722656,1.146282353734414,0.2088998763906057,0,0,0,0,0,0
2020-03-09,227.1699981689453,-3.3440402761949914,0.01728395061728395,0,1,1,2,2,1
2020-03-10,231.00999450683594,-2.068277096293819,0.05795314426633785,0,1,1,2,2,1
2020-03-11,189.0800018310547,-7.584746263246707,0.0024630541871921183,1,1,1,3,3,1
2020-03-12,154.83999633789062,-2.584672550784632,0.03444034440344403,0,1,1,2,2,1
2020-03-13,170.1999969482422,-0.6700237941376271,0.4680589680589681,0,1,1,2,2,1
2020-03-16,129.61000061035156,-4.612638070600234,0.0098159509202454,1,1,1,3,3,1
2020-03-17,124.13999938964844,-6.864474290641208,0.003676470588235294,1,1,1,3,3,1
2020-03-18,101.88999938964844,-5.112756814703188,0.008567931456548347,1,1,1,3,3,1
2020-03-19,97.70999908447266,-0.789960523166371,0.37286063569682154,0,1,1,2,2,1
2020-03-20,95.01000213623047,0.1631285263457798,0.8632478632478633,0,1,1,2,2,1
2020-03-23,105.62000274658203,9.287330822330668,0.0024390243902439024,1,1,1,3,3,1
2020-03-24,127.68000030517578,4.322589237777045,0.014616321559074299,0,1,1,2,2,1
2020-03-25,158.72999572753906,6.816527572098079,0.006082725060827251,0,1,1,2,2,1
2020-03-26,180.5500030517578,0.3705289237536825,0.6865127582017011,0,1,1,2,2,1
2020-03-27,162.0,-1.016363243243616,0.2766990291262136,0,1,1,2,2,1
2020-03-30,152.27999877929688,-3.1173557167521224,0.02909090909090909,0,1,1,2,2,1
2020-03-31,149.13999938964844,1.041703179233996,0.2651331719128329,0,1,1,2,2,1
2020-04-01,130.6999969482422,-2.7687529319113557,0.03385731559854897,0,1,1,2,2,1
2020-04-02,123.2699966430664,-2.080262329660476,0.06642512077294686,0,1,1,2,2,1
2020-04-03,124.5199966430664,1.705591537188479,0.10735826296743065,0,0,1,1,1,0
2020-04-06,148.77000427246094,2.671689058816307,0.03855421686746988,0,1,1,2,2,1
2020-04-07,141.5800018310547,-0.8863268714269366,0.33574007220216606,0,1,1,2,2,1
2020-04-08,146.8699951171875,-0.6536170449117613,0.49158653846153844,0,1,1,2,2,1
2020-04-09,151.83999633789062,0.19978458318096703,0.8343337334933973,0,0,1,1,1,0
2020-04-13,147.3300018310547,-0.15687214665424024,0.8693045563549161,0,0,1,1,1,0
2020-04-14,141.0,-3.0293872056529776,0.029940119760479042,0,0,1,1,1,0
2020-04-15,145.97999572753906,3.3447374163866463,0.025119617224880382,0,0,1,1,1,0
2020-04-16,134.24000549316406,-2.9398246824154466,0.03345280764635603,0,1,1,2,2,1
2020-04-17,154.0,2.306601962130631,0.05608591885441527,0,1,1,2,2,1
2020-04-20,143.61000061035156,-0.6626348050438385,0.48390941597139453,0,1,1,2,2,1
2020-04-21,136.3300018310547,-0.07533747154690952,0.9369047619047619,0,0,1,1,1,0
2020-04-22,134.97000122070312,-1.2476448175080437,0.1985731272294887,0,0,1,1,1,0
2020-04-23,137.74000549316406,0.90698450416518,0.32779097387173395,0,0,1,1,1,0
2020-04-24,128.97999572753906,-2.364854266472706,0.051008303677342826,0,0,1,1,1,0
2020-04-27,128.67999267578125,-0.7685869690086398,0.3933649289099526,0,0,1,1,1,0
2020-04-28,131.3000030517578,0.18178746846585458,0.8520710059171598,0,0,1,1,1,0
2020-04-29,139.0,1.385809675945501,0.16548463356973994,0,0,0,0,0,0
2020-04-30,141.02000427246094,0.7273058931319979,0.42266824085005905,0,0,1,1,1,0
2020-05-01,133.3699951171875,-0.3306577190263402,0.7181603773584906,0,0,0,0,0,0
2020-05-04,131.4600067138672,0.24997502406939195,0.7938751472320377,0,0,0,0,0,0
2020-05-05,125.4000015258789,-1.670781504974707,0.1188235294117647,0,0,0,0,0,0
2020-05-06,121.86000061035156,0.4290779254480555,0.6427732079905993,0,0,0,0,0,0
2020-05-07,128.64999389648438,1.602177091703355,0.12910798122065728,0,0,0,0,0,0
2020-05-08,133.44000244140625,0.6721224427546851,0.4771395076201641,0,0,0,0,0,0
2020-05-11,128.91000366210938,-0.431213003816948,0.6428571428571429,0,0,0,0,0,0
2020-05-12,125.22000122070312,-0.06233009768190818,0.9473684210526315,0,0,0,0,0,0
2020-05-13,121.5,0.6811906503045464,0.4661214953271028,0,0,0,0,0,0
2020-05-14,122.5199966430664,0.8070169425330882,0.3757292882147025,0,0,0,0,0,0
2020-05-15,120.0,0.03489422772180863,0.965034965034965,0,0,0,0,0,0
2020-05-18,135.44000244140625,0.14018748915119728,0.8824214202561118,0,0,0,0,0,0
2020-05-19,130.44000244140625,-0.5368003840305416,0.5732558139534883,0,0,0,0,0,0
2020-05-20,133.32000732421875,0.6748483595914452,0.4738675958188153,0,0,0,0,0,0
2020-05-21,139.0,0.8880783133391357,0.3352668213457077,0,0,0,0,0,0
2020-05-22,137.52999877929688,-0.03410745730568986,0.966396292004635,0,0,0,0,0,0
2020-05-26,144.72999572753906,-0.6552559493087174,0.4930555555555556,0,0,0,0,0,0
2020-05-27,149.52000427246094,-1.1426199772227188,0.22658959537572254,0,0,0,0,0,0
2020-05-28,149.82000732421875,0.21272723352671788,0.8198614318706697,0,0,0,0,0,0
2020-05-29,145.85000610351562,0.29063438586193246,0.7427912341407151,0,0,0,0,0,0
2020-06-01,151.38999938964844,1.1942093883557994,0.20967741935483872,0,0,0,0,0,0
2020-06-02,153.30999755859375,0.300212442631396,0.7376294591484465,0,0,0,0,0,0
2020-06-03,173.16000366210938,2.288810574128283,0.05747126436781609,0,0,0,0,0,0
2020-06-04,184.3000030517578,2.003611317163206,0.07692307692307693,0,0,0,0,0,0
2020-06-05,205.42999267578125,2.50559646058983,0.047018348623853214,0,0,0,0,0,0
2020-06-08,230.5,2.4728200697616445,0.049255441008018326,0,0,1,1,1,0
2020-06-09,216.74000549316406,0.06231048798432072,0.9462242562929062,0,0,0,0,0,0
2020-06-10,203.41000366210938,-1.3954984134513468,0.16457142857142856,0,0,0,0,0,0
2020-06-11,170.0,-1.689225831976218,0.11643835616438356,0,1,1,2,2,1
2020-06-12,189.50999450683594,1.772562608622885,0.10262257696693272,0,1,1,2,2,1
2020-06-15,190.94000244140625,0.22780354337491399,0.8120728929384966,0,0,1,1,1,0
2020-06-16,197.77000427246094,-0.05503398967535617,0.9510807736063709,0,0,1,1,1,0
2020-06-17,192.5399932861328,-0.21458807739925043,0.8181818181818182,0,0,1,1,1,0
2020-06-18,192.2899932861328,0.38458897227579786,0.6787741203178207,0,0,1,1,1,0
2020-06-19,187.02000427246094,-0.10837335625769218,0.9081632653061225,0,0,1,1,1,0
2020-06-22,188.52000427246094,-0.10563279854493751,0.9105322763306908,0,0,1,1,1,0
2020-06-23,187.8800048828125,0.33685760349228516,0.7104072398190046,0,0,1,1,1,0
2020-06-24,176.69000244140625,0.16491024499859233,0.8598870056497175,0,0,1,1,1,0
2020-06-25,174.8800048828125,-0.7070743855193258,0.4367945823927765,0,0,1,1,1,0
2020-06-26,170.00999450683594,0.5533005758529742,0.560315670800451,0,0,1,1,1,0
2020-06-29,194.49000549316406,2.876170571301852,0.03490990990990991,0,1,1,2,2,1
2020-06-30,183.3000030517578,-1.6954507927456968,0.11586051743532058,0,1,1,2,2,1
2020-07-01,180.32000732421875,-0.5155587600258301,0.5820224719101124,0,0,1,1,1,0
2020-07-02,180.80999755859375,-0.16731616277379605,0.8574635241301908,0,0,1,1,1,0
2020-07-06,187.91000366210938,0.09109190564491301,0.9248878923766816,0,0,1,1,1,0
2020-07-07,178.8800048828125,-0.32877104070319035,0.7133258678611423,0,0,1,1,1,0
2020-07-08,180.0800018310547,0.488876342360443,0.598434004474273,0,0,1,1,1,0
2020-07-09,173.27999877929688,0.5720686335597118,0.5407821229050279,0,0,1,1,1,0
2020-07-10,178.44000244140625,-0.18932787983124122,0.8415178571428571,0,0,1,1,1,0
2020-07-13,175.64999389648438,-0.41881182572502695,0.6499442586399108,0,0,0,0,0,0
2020-07-14,179.9600067138672,0.22085768955405904,0.8106904231625836,0,0,0,0,0,0
2020-07-15,187.94000244140625,-0.1906980851334069,0.8364849833147943,0,0,0,0,0,0
2020-07-16,178.6999969482422,-1.0954382838338124,0.24555555555555555,0,0,0,0,0,0
2020-07-17,175.66000366210938,-0.6089372923162772,0.5149833518312985,0,0,0,0,0,0
2020-07-20,174.4199981689453,0.26074812849470114,0.7738359201773836,0,0,0,0,0,0
2020-07-21,178.6300048828125,-0.2063821401901791,0.8205980066445183,0,0,0,0,0,0
2020-07-22,179.7899932861328,-0.16889121662434575,0.8561946902654868,0,0,0,0,0,0
2020-07-23,176.4499969482422,-0.03777521082944876,0.9646408839779006,0,0,0,0,0,0
2020-07-24,173.75999450683594,-0.06552494013662565,0.9415011037527594,0,0,0,0,0,0
2020-07-27,170.2100067138672,-0.029370365804038116,0.9724366041896362,0,0,0,0,0,0
2020-07-28,170.83999633789062,-0.39157436672856266,0.6662995594713657,0,0,0,0,0,0
2020-07-29,166.00999450683594,-0.44093752638069794,0.6226622662266227,0,0,0,0,0,0
2020-07-30,161.9499969482422,-0.10123225601395269,0.9153846153846154,0,0,0,0,0,0
2020-07-31,158.0,-0.24004940164455785,0.7903402854006586,0,0,0,0,0,0
2020-08-03,162.27000427246094,0.5296563766919675,0.5668859649122807,0,0,0,0,0,0
2020-08-04,165.07000732421875,0.35543350805700896,0.6900328587075575,0,0,0,0,0,0
2020-08-05,174.27999877929688,-0.00997164447268101,0.9934354485776805,0,0,0,0,0,0
2020-08-06,172.1999969482422,0.005420590078824741,0.9978142076502732,0,0,0,0,0,0
2020-08-07,170.02000427246094,-0.7981708348830872,0.36899563318777295,0,0,0,0,0,0
2020-08-10,179.41000366210938,0.2098468389059934,0.8124318429661941,0,0,0,0,0,0
2020-08-11,180.1300048828125,-0.1134917125504308,0.8965141612200436,0,0,0,0,0,0
2020-08-12,175.44000244140625,-0.916793923033079,0.3144722524483134,0,0,0,0,0,0
2020-08-13,174.72999572753906,0.26662734662920573,0.758695652173913,0,0,0,0,0,0
2020-08-14,178.0800018310547,0.4023500590417051,0.6568946796959826,0,0,0,0,0,0
2020-08-17,172.00999450683594,-0.7725769919846645,0.3774403470715835,0,0,0,0,0,0
2020-08-18,170.22999572753906,-0.033116648814942896,0.9664138678223185,0,0,0,0,0,0
2020-08-19,169.27000427246094,-0.06255192924657615,0.9393939393939394,0,0,0,0,0,0
2020-08-20,169.5800018310547,0.3485296824461806,0.6918918918918919,0,0,0,0,0,0
2020-08-21,167.5,-0.5029491076500912,0.5766738660907127,0,0,0,0,0,0
2020-08-24,178.27000427246094,0.8074347841760328,0.36245954692556637,0,0,0,0,0,0
2020-08-25,174.72999572753906,-0.4246949433335468,0.6314655172413793,0,0,0,0,0,0
2020-08-26,171.89999389648438,-0.3532269075279069,0.689989235737352,0,0,0,0,0,0
2020-08-27,174.1999969482422,0.3612178419541143,0.6795698924731183,0,0,0,0,0,0
2020-08-28,175.8000030517578,0.08745146921190555,0.9237379162191193,0,0,0,0,0,0
2020-08-31,171.82000732421875,0.2094398557722068,0.8111587982832618,0,0,0,0,0,0
2020-09-01,172.10000610351562,0.28062793771882083,0.737406216505895,0,0,0,0,0,0
2020-09-02,174.77999877929688,-0.7776044216383766,0.37259100642398285,0,0,0,0,0,0
2020-09-03,168.77000427246094,0.09242093004294155,0.9176470588235294,0,0,0,0,0,0
2020-09-04,171.0500030517578,0.5296058660103042,0.5587606837606838,0,0,0,0,0,0
2020-09-08,161.0800018310547,-0.980943468848744,0.2849519743863394,0,0,0,0,0,0
2020-09-09,160.77999877929688,-0.42455550669387,0.6289978678038379,0,0,0,0,0,0
2020-09-10,157.69000244140625,0.29245790349658013,0.7284345047923323,0,0,0,0,0,0
2020-09-11,160.22999572753906,-0.20926699653357958,0.8117021276595745,0,0,0,0,0,0
2020-09-14,165.35000610351562,0.02433773388058442,0.9787460148777896,0,0,0,0,0,0
2020-09-15,163.49000549316406,-0.005696867046454281,0.9968152866242038,0,0,0,0,0,0
2020-09-16,167.4600067138672,0.18991369337754221,0.8324496288441146,0,0,0,0,0,0
2020-09-17,167.52999877929688,0.1180866500556033,0.8877118644067796,0,0,0,0,0,0
2020-09-18,161.13999938964844,-0.7228132634862297,0.40634920634920635,0,0,0,0,0,0
2020-09-21,156.35000610351562,1.1462693569182043,0.2167019027484144,0,0,0,0,0,0
2020-09-22,156.8000030517578,0.1953016082614831,0.8247096092925026,0,0,0,0,0,0
2020-09-23,151.17999267578125,0.09248648462863313,0.9156118143459916,0,0,0,0,0,0
2020-09-24,146.0500030517578,-0.5587782486347443,0.5331928345626976,0,0,0,0,0,0
2020-09-25,156.02999877929688,1.5286047579646342,0.13473684210526315,0,0,0,0,0,0
2020-09-28,166.0800018310547,1.2058982235328684,0.20084121976866456,0,0,0,0,0,0
2020-09-29,163.60000610351562,0.16600881295690195,0.851890756302521,0,0,0,0,0,0
2020-09-30,165.25999450683594,0.5992792935989983,0.5047219307450157,0,0,0,0,0,0
2020-10-01,167.86000061035156,0.508367007017618,0.5670859538784067,0,0,0,0,0,0
2020-10-02,168.0800018310547,-0.06780178969494459,0.9350785340314136,0,0,0,0,0,0
2020-10-05,171.1999969482422,0.2855921092881927,0.7280334728033473,0,0,0,0,0,0
2020-10-06,159.5399932861328,-1.22902665423835,0.1974921630094044,0,0,0,0,0,0
2020-10-07,164.61000061035156,0.13494049909862074,0.8768267223382046,0,0,0,0,0,0
2020-10-08,168.0,-0.1416166411734723,0.867570385818561,0,0,0,0,0,0
2020-10-09,167.3300018310547,0.09424885419580803,0.9125,0,0,0,0,0,0
2020-10-12,167.35000610351562,-0.2981947870089139,0.7169614984391259,0,0,0,0,0,0
2020-10-13,162.13999938964844,-0.19625321035366372,0.8201663201663202,0,0,0,0,0,0
2020-10-14,163.24000549316406,0.06110662312409406,0.9428868120456906,0,0,0,0,0,0
2020-10-15,164.24000549316406,-0.031665908363400795,0.9678423236514523,0,0,0,0,0,0
2020-10-16,167.35000610351562,-0.1723297471555809,0.8404145077720208,0,0,0,0,0,0
2020-10-19,167.11000061035156,0.3765830365175246,0.6563146997929606,0,0,0,0,0,0
2020-10-20,167.24000549316406,0.15966323246904526,0.8531540847983454,0,0,0,0,0,0
2020-10-21,163.86000061035156,-0.026845146746144924,0.9741735537190083,0,0,0,0,0,0
2020-10-22,169.07000732421875,0.06966414844524842,0.9308565531475749,0,0,0,0,0,0
2020-10-23,167.36000061035156,-0.8817035062578067,0.32061855670103095,0,0,0,0,0,0
2020-10-26,160.8300018310547,0.17009939243492908,0.839340885684861,0,0,0,0,0,0
2020-10-27,155.24000549316406,0.45954934266433295,0.5925925925925926,0,0,0,0,0,0
2020-10-28,148.13999938964844,0.3051853730235947,0.7040082219938335,0,0,0,0,0,0
2020-10-29,148.2899932861328,-0.22858596085437868,0.7833675564681725,0,0,0,0,0,0
2020-10-30,144.38999938964844,-0.9182083749975131,0.30153846153846153,0,0,0,0,0,0
2020-11-02,148.60000610351562,0.2626617681338699,0.7479508196721312,0,0,0,0,0,0
2020-11-03,153.64999389648438,-0.3529135774834021,0.6745138178096213,0,0,0,0,0,0
2020-11-04,151.6300048828125,-1.5319195353313584,0.130879345603272,0,0,0,0,0,0
2020-11-05,157.08999633789062,0.21284933318178945,0.7946884576098059,0,0,0,0,0,0
2020-11-06,157.74000549316406,0.04775983569932738,0.9520408163265306,0,0,0,0,0,0
2020-11-09,179.36000061035156,0.9227345192550307,0.2996941896024465,0,0,0,0,0,0
2020-11-10,188.69000244140625,-0.09812874843642341,0.9063136456211812,0,0,0,0,0,0
2020-11-11,182.14999389648438,-0.5413707524200314,0.5371312309257376,0,0,0,0,0,0
2020-11-12,176.72000122070312,-0.182706200380055,0.8282520325203252,0,0,0,0,0,0
2020-11-13,187.11000061035156,0.32065245028763745,0.6903553299492385,0,0,0,0,0,0
2020-11-16,202.39999389648438,0.9598258474303469,0.2829614604462475,0,0,0,0,0,0
2020-11-17,210.0500030517578,1.1817079801019865,0.20263424518743667,0,0,0,0,0,0
2020-11-18,203.3000030517578,-1.0108332472674533,0.26720647773279355,0,0,0,0,0,0
2020-11-19,205.6699981689453,0.46737755716768975,0.5844287158746209,0,0,0,0,0,0
2020-11-20,199.6199951171875,-0.3946267121504709,0.6424242424242425,0,0,0,0,0,0
2020-11-23,211.52999877929688,0.9638262971527678,0.28254288597376387,0,0,0,0,0,0
2020-11-24,218.49000549316406,-0.08623542809539136,0.9203629032258065,0,0,0,0,0,0
2020-11-25,217.61000061035156,-0.04894861207470823,0.9516616314199395,0,0,0,0,0,0
2020-11-27,216.5,0.2820373440565443,0.721327967806841,0,0,0,0,0,0
2020-11-30,210.7100067138672,0.11848248834789363,0.8814070351758794,0,0,0,0,0,0
2020-12-01,213.00999450683594,0.36740865230114556,0.6556224899598394,0,0,0,0,0,0
2020-12-02,223.85000610351562,1.1320984834941035,0.2176529588766299,0,0,0,0,0,0
2020-12-03,237.1999969482422,1.1526761974085584,0.20841683366733466,0,0,0,0,0,0
2020-12-04,232.7100067138672,-1.1523587617882824,0.2092092092092092,0,0,0,0,0,0
2020-12-07,238.1699981689453,1.2291999853822708,0.19,0,0,0,0,0,0
2020-12-08,236.57000732421875,-0.3354914210602111,0.6833166833166833,0,0,0,0,0,0
2020-12-09,232.05999755859375,-0.6900366144593287,0.4301397205588822,0,0,0,0,0,0
2020-12-10,234.42999267578125,0.6447660784178552,0.4675972083748754,0,0,0,0,0,0
2020-12-11,230.3300018310547,-0.442862887771433,0.5976095617529881,0,0,0,0,0,0
2020-12-14,228.6199951171875,0.2985679511399133,0.7104477611940299,0,0,0,0,0,0
2020-12-15,229.5,-0.1348165341769489,0.8727634194831014,0,0,0,0,0,0
2020-12-16,225.8699951171875,-0.14597046439323685,0.858987090367428,0,0,0,0,0,0
2020-12-17,221.24000549316406,-0.48736563229968316,0.5674603174603174,0,0,0,0,0,0
2020-12-18,219.75,0.06936342219260899,0.931615460852329,0,0,0,0,0,0
2020-12-21,219.30999755859375,0.737712333827643,0.38613861386138615,0,0,0,0,0,0
2020-12-22,218.77999877929688,0.1384421057575416,0.8684470820969338,0,0,0,0,0,0
2020-12-23,219.69000244140625,-0.6969837154231369,0.42292490118577075,0,0,0,0,0,0
2020-12-24,217.14999389648438,-0.23439827967778498,0.7749259624876604,0,0,0,0,0,0
2020-12-28,216.08999633789062,-0.4262283315532178,0.6084812623274162,0,0,0,0,0,0
2020-12-29,216.25,0.23111151463221186,0.7793103448275862,0,0,0,0,0,0
2020-12-30,216.6699981689453,-0.14655490851246464,0.8562992125984252,0,0,0,0,0,0
2020-12-31,214.05999755859375,-0.49304456982792666,0.5594886922320551,0,0,0,0,0,0
2021-01-04,202.72000122070312,-0.2423834614131499,0.7662082514734774,0,0,0,0,0,0
2021-01-05,211.6300048828125,0.6811409546566382,0.43277723258096173,0,0,0,0,0,0
2021-01-06,211.02999877929688,-0.4711530563282413,0.5754901960784313,0,0,0,0,0,0
2021-01-07,212.7100067138672,0.4158476046927275,0.6209598432908913,0,0,0,0,0,0
2021-01-08,209.89999389648438,-0.3587471034010503,0.6604696673189824,0,0,0,0,0,0
2021-01-11,206.7899932861328,-0.5349395152709732,0.5317693059628543,0,0,0,0,0,0
2021-01-12,208.41000366210938,-0.22385554320054257,0.783203125,0,0,0,0,0,0
2021-01-13,207.2100067138672,0.1824787781103365,0.8273170731707317,0,0,0,0,0,0
2021-01-14,209.91000366210938,0.15475452333153486,0.8528265107212476,0,0,0,0,0,0
2021-01-15,204.32000732421875,-0.37013232929246376,0.6504381694255112,0,0,0,0,0,0
2021-01-19,210.7100067138672,1.1223076360971826,0.2169260700389105,0,0,0,0,0,0
2021-01-20,211.4499969482422,-0.05866435740323526,0.9446064139941691,0,0,0,0,0,0
2021-01-21,207.41000366210938,-0.16141513314052364,0.8466019417475729,0,0,0,0,0,0
2021-01-22,205.83999633789062,-0.19780373627907974,0.8089233753637245,0,0,0,0,0,0
2021-01-25,203.36000061035156,0.029051061226401685,0.9718992248062015,0,0,0,0,0,0
2021-01-26,202.05999755859375,0.009800418020106212,0.9922555663117134,0,0,0,0,0,0
2021-01-27,194.02999877929688,-0.7921057966318299,0.3491295938104449,0,0,1,1,1,0
2021-01-28,197.22999572753906,0.304616711949124,0.6956521739130435,0,0,1,1,1,0
2021-01-29,194.19000244140625,0.669540974505236,0.44015444015444016,0,0,0,0,0,0
2021-02-01,195.83999633789062,-0.14926480864471936,0.8524590163934426,0,0,0,0,0,0
2021-02-02,200.94000244140625,-1.1425552613132433,0.20809248554913296,0,0,0,0,0,0
2021-02-03,207.38999938964844,0.8795247708345659,0.31376323387872956,0,0,0,0,0,0
2021-02-04,210.63999938964844,-0.5014641916125442,0.55,0,0,0,0,0,0
2021-02-05,207.92999267578125,-0.2498585541444589,0.7569644572526417,0,0,0,0,0,0
2021-02-08,211.9499969482422,0.3668257030178159,0.6497120921305183,0,0,0,0,0,0
2021-02-09,215.1199951171875,0.1970355315934454,0.8092042186001918,0,0,0,0,0,0
2021-02-10,211.9199981689453,-0.11803552245543877,0.8840996168582376,0,0,0,0,0,0
2021-02-11,210.66000366210938,-0.060708575119853156,0.9416267942583733,0,0,0,0,0,0
2021-02-12,210.97999572753906,-0.13489392064303848,0.8709369024856597,0,0,0,0,0,0
2021-02-16,217.17999267578125,0.9204042798759823,0.2922636103151863,0,0,0,0,0,0
2021-02-17,215.52000427246094,-0.432533405447324,0.5935114503816794,0,0,0,0,0,0
2021-02-18,208.47999572753906,-0.8245383588584233,0.334604385128694,0,0,0,0,0,0
2021-02-19,217.47000122070312,1.24753296821227,0.1742857142857143,0,0,0,0,0,0
2021-02-22,212.8800048828125,-1.085792841939267,0.22930542340627974,0,0,0,0,0,0
2021-02-23,212.1199951171875,-0.6028032846587228,0.48098859315589354,0,0,0,0,0,0
2021-02-24,229.33999633789062,0.8930646596630234,0.30484330484330485,0,0,0,0,0,0
2021-02-25,216.4499969482422,-0.316602805383619,0.6850094876660342,0,0,0,0,0,0
2021-02-26,212.00999450683594,0.18755001229234833,0.8199052132701422,0,0,0,0,0,0
2021-03-01,224.38999938964844,0.1851370580888607,0.8210227272727273,0,0,0,0,0,0
2021-03-02,223.13999938964844,-0.18258787849846345,0.8230842005676443,0,0,0,0,0,0
2021-03-03,228.55999755859375,0.7400819540991104,0.3761814744801512,0,0,0,0,0,0
2021-03-04,224.7100067138672,-0.026395085368775068,0.9773371104815864,0,0,0,0,0,0
2021-03-05,223.22000122070312,-0.6809300414135013,0.42641509433962266,0,0,0,0,0,0
2021-03-08,224.02999877929688,-0.3950987620775803,0.6295947219604147,0,0,0,0,0,0
2021-03-09,230.61000061035156,1.163019473607183,0.1958568738229755,0,0,0,0,0,0
2021-03-10,245.33999633789062,1.5976173770748583,0.11194731890874883,0,0,0,0,0,0
2021-03-11,252.0,0.7433158873590017,0.3731203007518797,0,0,0,0,0,0
2021-03-12,269.19000244140625,1.4809602796936705,0.1267605633802817,0,0,0,0,0,0
2021-03-15,265.6300048828125,-1.0059240273409946,0.2626641651031895,0,0,0,0,0,0
2021-03-16,255.2100067138672,-1.2120342595157643,0.1836925960637301,0,0,0,0,0,0
2021-03-17,263.5899963378906,0.3590614143191032,0.6554307116104869,0,0,0,0,0,0
2021-03-18,256.05999755859375,0.1958533045984458,0.8082319925163705,0,0,0,0,0,0
2021-03-19,255.82000732421875,0.35966018521117277,0.6542056074766355,0,0,0,0,0,0
2021-03-22,251.22999572753906,-0.5039946329361614,0.5443510737628384,0,0,0,0,0,0
2021-03-23,241.25,-0.2720093876674266,0.7313432835820896,0,0,0,0,0,0
2021-03-24,239.24000549316406,-0.4047495383790387,0.6234855545200373,0,0,0,0,0,0
2021-03-25,247.19000244140625,0.13805895700264764,0.8696461824953445,0,0,0,0,0,0
2021-03-26,244.8699951171875,-1.0913046947761875,0.2241860465116279,0,0,0,0,0,0
2021-03-29,250.52000427246094,1.0472185822180997,0.2425650557620818,0,0,0,0,0,0
2021-03-30,252.00999450683594,0.2304101583280902,0.7743732590529248,0,0,0,0,0,0
2021-03-31,254.72000122070312,0.6696851277589168,0.4387755102040816,0,0,0,0,0,0
2021-04-01,252.9600067138672,-0.6915279795368522,0.4170528266913809,0,0,0,0,0,0
2021-04-05,259.3599853515625,-0.3257370019355376,0.6824074074074075,0,0,0,0,0,0
2021-04-06,255.1699981689453,-0.40326057628344375,0.6244218316373727,0,0,0,0,0,0
2021-04-07,252.5800018310547,-0.5737184073791126,0.49630314232902034,0,0,0,0,0,0
2021-04-08,254.9499969482422,0.07384776289816188,0.9261311172668514,0,0,0,0,0,0
2021-04-09,252.36000061035156,-1.0527083730130393,0.24077490774907748,0,0,0,0,0,0
2021-04-12,249.52000427246094,-0.5503840123714073,0.5161290322580645,0,0,0,0,0,0
2021-04-13,253.27000427246094,0.9174305284215145,0.292817679558011,0,0,0,0,0,0
2021-04-14,252.42999267578125,-0.5113108666676665,0.5372585096596136,0,0,0,0,0,0
2021-04-15,251.11000061035156,-0.7283112761174036,0.38327205882352944,0,0,0,0,0,0
2021-04-16,248.17999267578125,-0.7277077603128731,0.3838383838383838,0,0,0,0,0,0
2021-04-19,244.14999389648438,-0.5420753910941492,0.5229357798165137,0,0,0,0,0,0
2021-04-20,234.05999755859375,-0.5715998974386411,0.4986251145737855,0,0,0,0,0,0
2021-04-21,235.9199981689453,0.05133773735478004,0.9523809523809523,0,0,0,0,0,0
2021-04-22,234.3300018310547,0.08153885597047222,0.9213174748398902,0,0,0,0,0,0
2021-04-23,238.3800048828125,0.11005573839121335,0.8930530164533821,0,0,0,0,0,0
2021-04-26,241.44000244140625,0.44956589341206166,0.5817351598173516,0,0,0,0,0,0
2021-04-27,242.47000122070312,0.030975612420157988,0.968065693430657,0,0,0,0,0,0
2021-04-28,235.4600067138672,-1.277576260815552,0.16134913400182316,0,0,0,0,0,0
2021-04-29,235.94000244140625,-1.0518549976862686,0.2395264116575592,0,0,0,0,0,0
2021-04-30,234.30999755859375,-0.11056453149592536,0.8898999090081893,0,0,0,0,0,0
2021-05-03,235.19000244140625,-0.5604511013557791,0.5054545454545455,0,0,0,0,0,0
2021-05-04,233.6300048828125,0.06242037006458998,0.9364214350590372,0,0,0,0,0,0
2021-05-05,228.17999267578125,-1.1815339378244238,0.18784029038112524,0,0,0,0,0,0
2021-05-06,229.80999755859375,-0.05772768981371124,0.9437896645512239,0,0,0,0,0,0
2021-05-07,235.47000122070312,0.471709051595819,0.5652173913043478,0,0,0,0,0,0
2021-05-10,232.92999267578125,-0.34813437518307083,0.6678733031674208,0,0,0,0,0,0
2021-05-11,228.8800048828125,0.2954511241580847,0.7061482820976492,0,0,0,0,0,0
2021-05-12,220.77999877929688,0.13857146737654666,0.8644986449864499,0,0,0,0,0,0
2021-05-13,222.63999938964844,-0.9978583195572127,0.26173285198555957,0,0,0,0,0,0
2021-05-14,228.47000122070312,-0.5250715632466445,0.5311091073038774,0,0,0,0,0,0
2021-05-17,227.97999572753906,-0.017147621204809473,0.9819819819819819,0,0,0,0,0,0
2021-05-18,227.5500030517578,0.9028437000942287,0.297029702970297,0,0,0,0,0,0
2021-05-19,224.4199981689453,-0.4008450377581607,0.6258992805755396,0,0,0,0,0,0
2021-05-20,227.64999389648438,0.001110532049393589,0.9991015274034142,0,0,0,0,0,0
2021-05-21,234.82000732421875,1.1212418159397903,0.20825852782764812,0,0,0,0,0,0
2021-05-24,237.44000244140625,-0.03376190152952563,0.9614349775784753,0,0,0,0,0,0
2021-05-25,240.74000549316406,1.0395745302972752,0.24372759856630824,0,0,0,0,0,0
2021-05-26,241.3699951171875,0.03578875412207133,0.9579230080572964,0,0,0,0,0,0
2021-05-27,250.6999969482422,0.31053742560194236,0.6896243291592129,0,0,0,0,0,0
2021-05-28,247.02000427246094,-0.3063287469855308,0.6907953529937444,0,0,0,0,0,0
2021-06-01,254.72999572753906,1.3137373117154842,0.15357142857142858,0,0,0,0,0,0
2021-06-02,255.6199951171875,-0.12269534760999647,0.8733273862622658,0,0,0,0,0,0
2021-06-03,250.32000732421875,-0.8476785894507182,0.32174688057041,0,0,0,0,0,0
2021-06-04,249.9199981689453,-0.887584057914339,0.3045414069456812,0,0,0,0,0,0
2021-06-07,252.66000366210938,0.8515325585076838,0.3193950177935943,0,0,0,0,0,0
2021-06-08,252.75999450683594,0.21193239966906816,0.784,0,0,0,0,0,0
2021-06-09,248.05999755859375,-0.5416334228668674,0.5186500888099467,0,0,0,0,0,0
2021-06-10,248.33999633789062,0.14546908408398437,0.8527062999112689,0,0,0,0,0,0
2021-06-11,247.27999877929688,-0.6042920964851878,0.4734042553191489,0,0,0,0,0,0
2021-06-14,245.13999938964844,-0.3785721867831757,0.6341895482728078,0,0,0,0,0,0
2021-06-15,246.5399932861328,-0.03916583737632442,0.9566371681415929,0,0,0,0,0,0
2021-06-16,242.27000427246094,-0.13115264269114066,0.870026525198939,0,0,0,0,0,0
2021-06-17,239.22000122070312,0.024210158196244783,0.9787985865724381,0,0,0,0,0,0
2021-06-18,237.35000610351562,0.9298739794247531,0.28067078552515445,0,0,0,0,0,0
2021-06-21,245.27999877929688,0.38693030151260704,0.6287477954144621,0,0,0,0,0,0
2021-06-22,243.77999877929688,-0.2697147327558129,0.7303964757709251,0,0,0,0,0,0
2021-06-23,243.57000732421875,0.6358720658067286,0.45422535211267606,0,0,0,0,0,0
2021-06-24,250.57000732421875,1.2346044951850472,0.167985927880387,0,0,0,0,0,0
2021-06-25,248.3800048828125,-0.5842393851869482,0.48242530755711777,0,0,0,0,0,0
2021-06-28,239.9600067138672,-0.612273622356812,0.466198419666374,0,0,0,0,0,0
2021-06-29,235.75999450683594,0.26908352076058056,0.7315789473684211,0,0,0,0,0,0
2021-06-30,239.55999755859375,0.104098775715158,0.8957055214723927,0,0,0,0,0,0
2021-07-01,239.72999572753906,-0.6405639979903287,0.4500875656742557,0,0,0,0,0,0
2021-07-02,236.67999267578125,-1.1754323556269863,0.18460192475940507,0,0,0,0,0,0
2021-07-06,236.13999938964844,0.7432333977726063,0.36625874125874125,0,0,0,0,0,0
2021-07-07,231.77999877929688,-1.39024472516689,0.13449781659388646,0,0,0,0,0,0
2021-07-08,236.77000427246094,1.8605755241537052,0.06893542757417102,0,0,0,0,0,0
2021-07-09,239.58999633789062,-0.28207253709878927,0.7114210985178727,0,0,0,0,0,0
2021-07-12,238.2899932861328,-0.06255051786976432,0.9320557491289199,0,0,0,0,0,0
2021-07-13,228.1999969482422,-1.5713896525035784,0.10879025239338555,0,0,0,0,0,0
2021-07-14,224.4499969482422,-0.5593811405645499,0.5034782608695653,0,0,0,0,0,0
2021-07-15,222.75999450683594,-0.26289044788302884,0.735881841876629,0,0,0,0,0,0
2021-07-16,217.74000549316406,-0.5479322690565871,0.5147569444444444,0,0,0,0,0,0
2021-07-19,206.99000549316406,-0.33933361380860666,0.6686903729401561,0,0,0,0,0,0
2021-07-20,217.14999389648438,-0.09507820578540109,0.9038128249566725,0,0,0,0,0,0
2021-07-21,222.5399932861328,-0.14497663898427052,0.8519480519480519,0,0,0,0,0,0
2021-07-22,220.8699951171875,0.1878997069226053,0.8122837370242214,0,0,0,0,0,0
2021-07-23,221.52000427246094,-0.19827330922409053,0.797752808988764,0,0,0,0,0,0
2021-07-26,225.85000610351562,1.0058167355938514,0.2556131260794473,0,0,0,0,0,0
2021-07-27,222.27000427246094,-1.5108644026574696,0.11561691113028473,0,0,0,0,0,0
2021-07-28,231.57000732421875,2.752915833493767,0.028448275862068967,0,0,0,0,0,0
2021-07-29,231.6300048828125,-0.8197557978848701,0.330749354005168,0,0,0,0,0,0
2021-07-30,226.47999572753906,-0.5678053105090581,0.49483648881239245,0,0,0,0,0,0
2021-08-02,225.33999633789062,0.10729011315605862,0.8916595012897678,0,0,0,0,0,0
2021-08-03,229.08999633789062,0.2795602426302276,0.7147766323024055,0,0,0,0,0,0
2021-08-04,226.6300048828125,0.892230240261332,0.29871244635193134,0,0,0,0,0,0
2021-08-05,229.94000244140625,0.4216948503125716,0.6003430531732419,0,0,0,0,0,0
2021-08-06,231.3300018310547,-0.150390035980126,0.8431876606683805,0,0,0,0,0,0
2021-08-09,232.27000427246094,0.6813828068622253,0.4160958904109589,0,0,0,0,0,0
2021-08-10,235.77999877929688,0.5668409422618115,0.49529512403763903,0,0,0,0,0,0
2021-08-11,239.49000549316406,0.31995873600579894,0.6777777777777778,0,0,0,0,0,0
2021-08-12,238.17999267578125,0.08314641898146928,0.9171648163962425,0,0,0,0,0,0
2021-08-13,234.4600067138672,-0.586880381735454,0.4778156996587031,0,0,0,0,0,0
2021-08-16,229.05999755859375,-1.2552353709070445,0.16112531969309463,0,0,0,0,0,0
2021-08-17,222.22000122070312,-1.0347785320094038,0.2402044293015332,0,0,0,0,0,0
2021-08-18,219.0,0.44224947919910135,0.5812765957446808,0,0,0,0,0,0
2021-08-19,212.16000366210938,-0.5850804013710048,0.4804421768707483,0,0,0,0,0,0
2021-08-20,212.6699981689453,-0.46669036171867995,0.5692438402718777,0,0,0,0,0,0
2021-08-23,219.39999389648438,0.9529153126136395,0.2699490662139219,0,0,0,0,0,0
2021-08-24,221.42999267578125,0.1797288334376565,0.821882951653944,0,0,0,0,0,0
2021-08-25,221.02999877929688,-0.3270983702449942,0.6754237288135593,0,0,0,0,0,0
2021-08-26,216.5,-0.24351601758953265,0.756138865368332,0,0,0,0,0,0
2021-08-27,221.75,0.701151781364668,0.39678510998307953,0,0,0,0,0,0
2021-08-30,217.66000366210938,-1.1541694434451466,0.19019442096365174,0,0,0,0,0,0
2021-08-31,219.5,0.5349957354481348,0.5211148648648649,0,0,0,0,0,0
2021-09-01,218.1199951171875,0.17106310541027123,0.8278481012658228,0,0,0,0,0,0
2021-09-02,220.8300018310547,0.3320118910710358,0.6711635750421585,0,0,0,0,0,0
2021-09-03,218.1699981689453,0.0426774025022051,0.9545071609098568,0,0,0,0,0,0
2021-09-07,214.24000549316406,0.03799411779216294,0.9579124579124579,0,0,0,0,0,0
2021-09-08,211.3800048828125,-0.5557749621989568,0.503784693019344,0,0,0,0,0,0
2021-09-09,213.94000244140625,0.5427860486860778,0.515126050420168,0,0,0,0,0,0
2021-09-10,210.3000030517578,-0.14163167332874424,0.8547439126784215,0,0,0,0,0,0
2021-09-13,214.47999572753906,0.6079242942135813,0.462248322147651,0,0,0,0,0,0
2021-09-14,211.57000732421875,0.1564286863506918,0.8415758591785415,0,0,0,0,0,0
2021-09-15,214.22000122070312,-0.25493412266195964,0.7453936348408711,0,0,0,0,0,0
2021-09-16,213.36000061035156,0.5182911729808523,0.5280334728033472,0,0,0,0,0,0
2021-09-17,213.36000061035156,0.8922279952126728,0.29515050167224083,0,0,0,0,0,0
2021-09-20,209.5,0.04155039011344056,0.9557226399331662,0,0,0,0,0,0
2021-09-21,208.50999450683594,0.25776902040524,0.7404006677796328,0,0,0,0,0,0
2021-09-22,216.97999572753906,0.8974066965386064,0.28940783986655544,0,0,0,0,0,0
2021-09-23,221.10000610351562,-0.02689218036447522,0.9741666666666666,0,0,0,0,0,0
2021-09-24,221.38999938964844,-0.5134230101315507,0.5312239800166528,0,0,0,0,0,0
2021-09-27,224.16000366210938,0.1654776816025956,0.831946755407654,0,0,0,0,0,0
2021-09-28,218.41000366210938,-0.5340377586458693,0.5195344970906068,0,0,0,0,0,0
2021-09-29,225.36000061035156,1.5187652324659526,0.11129568106312292,0,0,0,0,0,0
2021-09-30,219.94000244140625,-0.1446007830840541,0.8531120331950207,0,0,0,0,0,0
2021-10-01,226.0,0.10197659864062515,0.8988391376451078,0,0,0,0,0,0
2021-10-04,223.7899932861328,0.26654566572557864,0.728251864125932,0,0,0,0,0,0
2021-10-05,224.4199981689453,-0.5497726375173495,0.5049668874172185,0,0,0,0,0,0
2021-10-06,224.99000549316406,-0.3287819917631945,0.6683209263854425,0,0,0,0,0,0
2021-10-07,226.47999572753906,-0.473577740574196,0.5570247933884298,0,0,0,0,0,0
2021-10-08,226.38999938964844,-0.25940033254002415,0.7374071015689513,0,0,0,0,0,0
2021-10-11,226.4499969482422,0.465219502064422,0.5676567656765676,0,0,0,0,0,0
2021-10-12,223.57000732421875,-0.4201625629154182,0.5993404781533388,0,0,0,0,0,0
2021-10-13,221.77999877929688,-0.49873964407237964,0.5411861614497528,0,0,0,0,0,0
2021-10-14,217.44000244140625,-1.7325808985316415,0.08065843621399177,0,0,0,0,0,0
2021-10-15,217.0399932861328,-1.3561202027697992,0.13980263157894737,0,0,0,0,0,0
2021-10-18,216.97999572753906,0.16091919261590884,0.8364831552999178,0,0,0,0,0,0
2021-10-19,215.97000122070312,-0.815568821349109,0.32594417077175697,0,0,0,0,0,0
2021-10-20,216.1699981689453,-0.2462339393616607,0.7514356029532404,0,0,0,0,0,0
2021-10-21,214.33999633789062,-0.44665868212622034,0.5745901639344262,0,0,0,0,0,0
2021-10-22,212.97000122070312,-0.5345255811506179,0.515970515970516,0,0,0,0,0,0
2021-10-25,212.8699951171875,-0.1644485753130195,0.8338788870703764,0,0,0,0,0,0
2021-10-26,209.80999755859375,0.8107322323358533,0.3286999182338512,0,0,0,0,0,0
2021-10-27,206.61000061035156,-0.5118439978094451,0.5285947712418301,0,0,0,0,0,0
2021-10-28,207.85000610351562,0.06999058721893713,0.9257142857142857,0,0,0,0,0,0
2021-10-29,207.02999877929688,0.04287967772597823,0.9526916802610114,0,0,0,0,0,0
2021-11-01,214.5800018310547,2.4480430431493785,0.037489812550937245,0,0,0,0,0,0
2021-11-02,212.77000427246094,-0.23235435323620113,0.7638436482084691,0,0,0,0,0,0
2021-11-03,213.3800048828125,-0.10948278120516787,0.887713588283157,0,0,0,0,0,0
2021-11-04,213.02999877929688,0.010738390932245552,0.9902439024390244,0,0,0,0,0,0
2021-11-05,224.4600067138672,0.7795715029105236,0.3371242891957758,0,0,0,0,0,0
2021-11-08,222.67999267578125,-0.2380691033794194,0.7573051948051948,0,0,0,0,0,0
2021-11-09,220.7899932861328,-0.5922328123535291,0.46634225466342255,0,0,0,0,0,0
2021-11-10,218.5,0.30869264864761653,0.6823338735818476,0,0,0,0,0,0
2021-11-11,219.3800048828125,1.0747594400449598,0.21619433198380567,0,0,0,0,0,0
2021-11-12,220.9600067138672,0.26440965158667157,0.7265372168284789,0,0,0,0,0,0
2021-11-15,233.08999633789062,2.949690417511538,0.02263540824575586,0,0,0,0,0,0
2021-11-16,225.8000030517578,-1.6874742372210352,0.09046849757673667,0,0,0,0,0,0
2021-11-17,226.6199951171875,0.5715502744899159,0.480225988700565,0,0,0,0,0,0
2021-11-18,227.25,0.4489911745348097,0.5725806451612904,0,0,0,0,0,0
2021-11-19,214.1300048828125,-3.078746040388554,0.020950846091861403,0,0,0,0,0,0
2021-11-22,209.89999389648438,-1.696233646212891,0.08776167471819646,0,0,0,0,0,0
2021-11-23,209.1300048828125,-0.5456670488026056,0.5060337892196299,0,0,0,0,0,0
2021-11-24,210.60000610351562,0.4956779345190592,0.542604501607717,0,0,0,0,0,0
2021-11-26,199.2100067138672,0.14911854913309414,0.8449799196787149,0,0,0,0,0,0
2021-11-29,198.5,-0.530461294870289,0.5184590690208668,0,0,0,0,0,0
2021-11-30,197.85000610351562,1.8673485173170679,0.06575781876503609,0,0,0,0,0,0
2021-12-01,188.19000244140625,-1.6900066937755125,0.09054487179487179,0,0,0,0,0,0
2021-12-02,202.3800048828125,2.806307468041416,0.02722177742193755,0,0,0,0,0,0
2021-12-03,198.49000549316406,-0.36017963983018936,0.644,0,0,0,0,0,0
2021-12-06,205.8800048828125,0.005839742776866353,0.9960031974420464,0,0,0,0,0,0
2021-12-07,208.8300018310547,-0.7123044149226611,0.38099041533546324,0,0,0,0,0,0
2021-12-08,211.02999877929688,0.1991503009654706,0.7932960893854749,0,0,0,0,0,0
2021-12-09,207.55999755859375,-0.41964606844615726,0.6004784688995215,0,0,0,0,0,0
2021-12-10,205.05999755859375,-1.2239751896733067,0.17211155378486057,0,0,0,0,0,0
2021-12-13,197.39999389648438,-0.5895417446216424,0.46656050955414013,0,0,0,0,0,0
2021-12-14,195.5,-0.056022205438775736,0.9411296738265712,0,0,0,0,0,0
2021-12-15,195.42999267578125,-0.42311532229925863,0.595389507154213,0,0,0,0,0,0
2021-12-16,190.7899932861328,-1.1283640423938976,0.1993645750595711,0,0,0,0,0,0
2021-12-17,192.6300048828125,1.307244791242765,0.15079365079365079,0,0,0,0,0,0
2021-12-20,188.47999572753906,0.0988700625060231,0.9008723235527359,0,0,0,0,0,0
2021-12-21,199.52000427246094,0.978235206468356,0.25752773375594296,0,0,0,0,0,0
2021-12-22,201.69000244140625,0.11328400869249623,0.8820269200316706,0,0,0,0,0,0
2021-12-23,204.22000122070312,0.025117466190501578,0.9778481012658228,0,0,0,0,0,0
2021-12-27,203.1699981689453,-1.2311003798379925,0.1691699604743083,0,0,0,0,0,0
2021-12-28,206.1300048828125,0.5626159138776543,0.4881516587677725,0,0,0,0,0,0
2021-12-29,203.66000366210938,-0.5910555384375452,0.46566692975532753,0,0,0,0,0,0
2021-12-30,202.7100067138672,-0.010497560096660037,0.9897476340694006,0,0,0,0,0,0
2021-12-31,201.32000732421875,-0.5655333187679372,0.4854215918045705,0,0,0,0,0,0
2022-01-03,207.86000061035156,1.1889425633747228,0.17716535433070865,0,0,0,0,0,0
2022-01-04,213.6300048828125,-0.07907131524710956,0.9173878835562549,0,0,0,0,0,0
2022-01-05,213.07000732421875,0.9509636168150152,0.2665094339622642,0,0,0,0,0,0
2022-01-06,211.33999633789062,-0.7291232599766432,0.36684996072270226,0,0,0,0,0,0
2022-01-07,215.5,1.0514651897962533,0.22998430141287285,0,0,0,0,0,0
2022-01-10,209.30999755859375,-1.9590566264201847,0.06274509803921569,0,0,0,0,0,0
2022-01-11,216.02000427246094,1.571450108203008,0.10658307210031348,0,0,0,0,0,0
2022-01-12,217.4499969482422,0.15256427839987688,0.8402505873140172,0,0,0,0,0,0
2022-01-13,223.89999389648438,2.0086854351291015,0.05868544600938967,0,0,0,0,0,0
2022-01-14,225.9600067138672,0.08194100037273834,0.9147771696637998,0,0,0,0,0,0
2022-01-18,225.00999450683594,0.6584258892823913,0.428125,0,0,0,0,0,0
2022-01-19,217.0800018310547,-1.2123793199804764,0.17330210772833723,0,0,0,0,0,0
2022-01-20,214.19000244140625,0.2919206129000027,0.6989079563182528,0,0,0,0,0,0
2022-01-21,205.44000244140625,-1.0268012010725946,0.24006235385814498,0,0,0,0,0,0
2022-01-24,204.1999969482422,-0.8265271539817888,0.32165109034267914,0,0,0,0,0,0
2022-01-25,204.10000610351562,0.4058925741564868,0.6147859922178989,0,0,0,0,0,0
2022-01-26,194.27000427246094,-2.851084905468568,0.026438569206842923,0,0,0,0,0,0
2022-01-27,189.75,-0.8275236573574465,0.32167832167832167,0,0,0,0,0,0
2022-01-28,190.57000732421875,-1.0653280681583872,0.2236024844720497,0,0,0,0,0,0
2022-01-31,200.24000549316406,2.730189356009374,0.030256012412723042,0,0,0,0,0,0
2022-02-01,208.33999633789062,1.8626308348851472,0.06899224806201551,0,0,0,0,0,0
2022-02-02,207.52000427246094,-0.49835468854296117,0.5453137103020914,0,0,0,0,0,0
2022-02-03,206.38999938964844,0.270496143616048,0.7236842105263158,0,0,0,0,0,0
2022-02-04,206.4499969482422,-0.13780800569385993,0.8623356535189481,0,0,0,0,0,0
2022-02-07,211.9199981689453,1.1184958985239857,0.20556414219474498,0,0,0,0,0,0
2022-02-08,213.27000427246094,-0.5203001177822707,0.5266409266409267,0,0,0,0,0,0
2022-02-09,215.86000061035156,-0.2643339262291098,0.7299382716049383,0,0,0,0,0,0
2022-02-10,218.75,1.877239996747149,0.06707787201233616,0,0,0,0,0,0
2022-02-11,212.3000030517578,-1.3368033743903152,0.14714946070878274,0,0,0,0,0,0
2022-02-14,210.0399932861328,0.7486479682203286,0.35873749037721325,0,0,0,0,0,0
2022-02-15,217.72999572753906,1.4363175437710973,0.12615384615384614,0,0,0,0,0,0
2022-02-16,218.92999267578125,-0.12651463475742158,0.8716372021521906,0,0,0,0,0,0
2022-02-17,213.5800018310547,-0.4905270443875764,0.5499231950844854,0,0,0,0,0,0
2022-02-18,209.02999877929688,-0.30452420864820207,0.6891788181120491,0,0,0,0,0,0
2022-02-22,198.74000549316406,-2.622740037488459,0.03450920245398773,0,0,0,0,0,0
2022-02-23,196.4199981689453,0.7440257364568009,0.36091954022988504,0,0,0,0,0,0
2022-02-24,198.42999267578125,-0.9006872078353537,0.29173047473200614,0,0,0,0,0,0
2022-02-25,201.47999572753906,-2.2636943624674113,0.047436878347360364,0,0,0,0,0,0
2022-02-28,205.33999633789062,-1.5339879281276205,0.11467889908256881,0,0,0,0,0,0
2022-03-01,194.91000366210938,-2.5579921541508677,0.0374331550802139,0,0,0,0,0,0
2022-03-02,197.80999755859375,0.7160313122114981,0.38702290076335877,0,0,0,0,0,0
2022-03-03,188.85000610351562,-1.9524243067459908,0.06636155606407322,0,0,0,0,0,0
2022-03-04,180.83999633789062,-2.0010269014448983,0.0625,0,0,0,0,0,0
2022-03-07,169.1699981689453,-1.8625577966502733,0.07311500380807312,0,0,0,0,0,0
2022-03-08,173.8000030517578,3.8759682171128245,0.0121765601217656,0,0,0,0,0,0
2022-03-09,178.55999755859375,-1.104617373361348,0.21520912547528517,0,0,0,0,0,0
2022-03-10,178.38999938964844,0.7390843256144384,0.371580547112462,0,0,0,0,0,0
2022-03-11,176.22999572753906,0.5158324511677472,0.5337889141989369,0,0,0,0,0,0
2022-03-14,175.52000427246094,-0.3742596411333169,0.6388467374810318,0,0,0,0,0,0
2022-03-15,179.88999938964844,0.44750692702509687,0.5815011372251706,0,0,0,0,0,0
2022-03-16,188.99000549316406,3.1564381088946,0.019696969696969695,0,0,0,0,0,0
2022-03-17,190.19000244140625,-0.5298396566643512,0.526116578349735,0,0,0,0,0,0
2022-03-18,192.8300018310547,0.5454290126905678,0.5128593040847201,0,0,0,0,0,0
2022-03-21,185.89999389648438,-3.1068664725800383,0.021164021164021163,0,0,0,0,0,0
2022-03-22,191.0399932861328,1.1020560280684049,0.21676737160120846,0,0,0,0,0,0
2022-03-23,186.0399932861328,-0.7180887331452055,0.3879245283018868,0,0,0,0,0,0
2022-03-24,189.0500030517578,-0.07543435242587102,0.9215686274509803,0,0,0,0,0,0
2022-03-25,188.9499969482422,-0.4139841341617389,0.6149208741522231,0,0,0,0,0,0
2022-03-28,188.16000366210938,0.2513258221434194,0.7522590361445783,0,0,0,0,0,0
2022-03-29,193.8000030517578,1.273039206386001,0.1617757712565839,0,0,0,0,0,0
2022-03-30,194.91000366210938,0.823292541920833,0.3308270676691729,0,0,0,0,0,0
2022-03-31,191.5,0.5780710647543651,0.48159278737791134,0,0,0,0,0,0
2022-04-01,190.75999450683594,-0.6699208626860614,0.4271771771771772,0,0,0,0,0,0
2022-04-04,191.17999267578125,0.01160906247926618,0.9872468117029257,0,0,0,0,0,0
2022-04-05,182.64999389648438,-1.7019506887384435,0.0937031484257871,0,0,0,0,0,0
2022-04-06,178.72000122070312,-0.5256222257295727,0.5303370786516854,0,0,0,0,0,0
2022-04-07,177.97000122070312,-1.123868425639369,0.20808383233532934,0,0,0,0,0,0
2022-04-08,175.1999969482422,-0.35400726015330164,0.6604338070306657,0,0,0,0,0,0
2022-04-11,175.02999877929688,0.797603637281103,0.3415545590433483,0,0,0,0,0,0
2022-04-12,176.27999877929688,0.6083456199463183,0.46153846153846156,0,0,0,0,0,0
2022-04-13,182.8699951171875,1.5424637627579243,0.11641791044776119,0,0,0,0,0,0
2022-04-14,181.94000244140625,0.2840305227963355,0.7114093959731543,0,0,0,0,0,0
2022-04-18,179.85000610351562,-0.5038221063692357,0.5461997019374069,0,0,0,0,0,0
2022-04-19,185.97999572753906,1.1219369426551222,0.2099776619508563,0,0,0,0,0,0
2022-04-20,183.5500030517578,-0.545916203309089,0.5133928571428571,0,0,0,0,0,0
2022-04-21,181.02000427246094,1.2702918514570891,0.16282527881040892,0,0,0,0,0,0
2022-04-22,176.9199981689453,0.7227281571974258,0.3833580980683507,0,0,0,0,0,0
2022-04-25,175.91000366210938,-0.31331158526580655,0.6874536005939124,0,0,0,0,0,0
2022-04-26,167.0399932861328,-1.1930070180946748,0.18397626112759644,0,0,0,0,0,0
2022-04-27,154.4600067138672,-4.461066903598469,0.009636767976278725,0,0,0,0,0,0
2022-04-28,154.22000122070312,-1.060514182419454,0.2348148148148148,0,0,0,0,0,0
2022-04-29,148.83999633789062,0.8161248101648797,0.3338267949666913,0,0,0,0,0,0
2022-05-02,148.61000061035156,-0.20454256223040357,0.7936390532544378,0,0,0,0,0,0
2022-05-03,153.5800018310547,0.7434539176396692,0.36733185513673317,0,0,0,0,0,0
2022-05-04,156.97000122070312,-1.0411586402990702,0.24446085672082718,0,0,0,0,0,0
2022-05-05,150.47000122070312,-0.3136578748867928,0.6878228782287823,0,0,0,0,0,0
2022-05-06,148.89999389648438,-0.018982955733548443,0.9808259587020649,0,0,0,0,0,0
2022-05-09,133.30999755859375,-3.3687595438030686,0.01694915254237288,0,0,1,1,1,0
2022-05-10,132.9499969482422,-0.16242231564674467,0.8372606774668631,0,0,0,0,0,0
2022-05-11,129.38999938964844,-0.27689363603398454,0.7225901398086828,0,0,0,0,0,0
2022-05-12,123.13999938964844,-2.741586712806421,0.03161764705882353,0,0,0,0,0,0
2022-05-13,127.19999694824219,0.5420860363159808,0.5187362233651727,0,0,0,0,0,0
2022-05-16,124.05000305175781,-1.2217751011965663,0.17988252569750368,0,0,0,0,0,0
2022-05-17,132.0500030517578,1.6489912606378578,0.10418195157740279,0,0,0,0,0,0
2022-05-18,125.5199966430664,0.08926427813309734,0.9127565982404692,0,0,0,0,0,0
2022-05-19,127.13999938964844,1.6539003925019198,0.10402930402930403,0,0,0,0,0,0
2022-05-20,120.69999694824219,-2.5630834875134236,0.04026354319180088,0,0,0,0,0,0
2022-05-23,124.06999969482422,-0.012143004396966939,0.9853694220921726,0,0,0,0,0,0
2022-05-24,119.4000015258789,-2.0434867435379034,0.06286549707602339,0,0,1,1,1,0
2022-05-25,122.05999755859375,0.7378525216086905,0.3754565376186998,0,0,0,0,0,0
2022-05-26,127.7300033569336,1.0105637028110224,0.25985401459854013,0,0,1,1,1,0
2022-05-27,132.22999572753906,0.11258553937405699,0.8854850474106492,0,0,1,1,1,0
2022-05-31,131.39999389648438,0.6569376998712033,0.4424198250728863,0,0,1,1,1,0
2022-06-01,130.64999389648438,0.5421910093365594,0.5200291332847778,0,0,1,1,1,0
2022-06-02,140.5,2.810365170386722,0.02911208151382824,0,0,1,1,1,0
2022-06-03,139.25,0.5388423017385041,0.5243636363636364,0,0,1,1,1,0
2022-06-06,139.24000549316406,-0.09121559400935242,0.9098837209302325,0,0,1,1,1,0
2022-06-07,140.82000732421875,-0.6592202108566866,0.4386347131445171,0,0,1,1,1,0
2022-06-08,139.6300048828125,1.1845286110997486,0.18940493468795355,0,0,0,0,0,0
2022-06-09,133.72999572753906,-0.08482082013760614,0.9151559100797679,0,0,1,1,1,0
2022-06-10,127.0,-0.37988958563329295,0.6391304347826087,0,0,1,1,1,0
2022-06-13,115.86000061035156,-1.4155335315176953,0.1390296886314265,0,0,1,1,1,0
2022-06-14,122.16000366210938,3.4897142237864243,0.01447178002894356,0,0,1,1,1,0
2022-06-15,133.72000122070312,3.702773140771036,0.014461315979754157,0,0,0,0,0,0
2022-06-16,133.36000061035156,2.518235127847325,0.04335260115606936,0,0,1,1,1,0
2022-06-17,136.8000030517578,1.2779417695410902,0.16462093862815885,0,0,1,1,1,0
2022-06-21,136.75,-2.232997160690205,0.05555555555555555,0,0,1,1,1,0
2022-06-22,137.16000366210938,0.6150708439601179,0.46214852198990625,0,0,1,1,1,0
2022-06-23,133.97000122070312,-1.3475626573345958,0.15417867435158503,0,0,1,1,1,0
2022-06-24,141.52999877929688,0.489189914819962,0.5637149028077754,0,0,0,0,0,0
2022-06-27,138.72000122070312,-0.6909541417524452,0.4143884892086331,0,0,1,1,1,0
2022-06-28,138.6999969482422,1.2737270227608448,0.1667864845434939,0,0,0,0,0,0
2022-06-29,138.4499969482422,0.19915903253066916,0.7995689655172413,0,0,0,0,0,0
2022-06-30,136.72000122070312,-0.7509314083350492,0.3653984206748026,0,0,0,0,0,0
2022-07-01,139.83999633789062,0.4141186947982462,0.6205164992826399,0,0,0,0,0,0
2022-07-05,137.6999969482422,0.2744031840464326,0.7297491039426524,0,0,0,0,0,0
2022-07-06,136.30999755859375,-0.8681063185546373,0.31805157593123207,0,0,0,0,0,0
2022-07-07,139.97000122070312,0.5851377068583673,0.4831782390837509,0,0,0,0,0,0
2022-07-08,139.07000732421875,-0.2807003084581994,0.7188841201716738,0,0,0,0,0,0
2022-07-11,136.99000549316406,0.07280802099788827,0.9256611865618298,0,0,0,0,0,0
2022-07-12,147.14999389648438,4.118170636020733,0.011428571428571429,0,0,0,0,0,0
2022-07-13,143.9499969482422,-0.3674471204064006,0.6502498215560314,0,0,0,0,0,0
2022-07-14,147.14999389648438,1.5762881661645753,0.11697574893009986,0,0,0,0,0,0
2022-07-15,147.74000549316406,-1.0129307316651956,0.2608695652173913,0,0,0,0,0,0
2022-07-18,147.72000122070312,0.8213713820017154,0.33618233618233617,0,0,0,0,0,0
2022-07-19,156.1300048828125,0.5664469070027547,0.499644128113879,0,0,0,0,0,0
2022-07-20,158.3800048828125,0.17120067822523066,0.8278805120910384,0,0,0,0,0,0
2022-07-21,161.41000366210938,0.41087652370752187,0.6226012793176973,0,0,0,0,0,0
2022-07-22,158.16000366210938,-0.4067424116392724,0.6264204545454546,0,0,0,0,0,0
2022-07-25,156.63999938964844,-0.5467976071067859,0.5166784953867991,0,0,0,0,0,0
2022-07-26,155.9199981689453,0.8386117102734358,0.3262411347517731,0,0,0,0,0,0
2022-07-27,156.08999633789062,-1.2521987264827266,0.17292700212615167,0,0,0,0,0,0
2022-07-28,159.08999633789062,-0.07194776234140793,0.9270538243626062,0,0,0,0,0,0
2022-07-29,159.30999755859375,-1.0034912425421056,0.267515923566879,0,0,0,0,0,0
2022-08-01,169.07000732421875,3.0372578667327046,0.024752475247524754,0,0,0,0,0,0
2022-08-02,163.27999877929688,-1.3658451079294922,0.14982332155477032,0,0,0,0,0,0
2022-08-03,166.63999938964844,0.1307866846535713,0.8721751412429378,0,0,0,0,0,0
2022-08-04,166.5,0.20429166980357794,0.7946365561044461,0,0,0,0,0,0
2022-08-05,165.0399932861328,-0.32550592729168737,0.6847672778561354,0,0,0,0,0,0
2022-08-08,165.88999938964844,0.47503113911762634,0.5722339675828048,0,0,0,0,0,0
2022-08-09,164.85000610351562,-0.19480070969135727,0.8077464788732395,0,0,0,0,0,0
2022-08-10,169.02000427246094,-0.12792335855774112,0.8747361013370866,0,0,0,0,0,0
2022-08-11,167.8800048828125,-0.20137316906150926,0.7967651195499297,0,0,0,0,0,0
2022-08-12,169.99000549316406,-0.4440926368482911,0.5910049191848208,0,0,0,0,0,0
2022-08-15,170.47000122070312,-0.17751052157982208,0.8237359550561798,0,0,0,0,0,0
2022-08-16,172.0800018310547,0.3089317735317179,0.6940350877192982,0,0,0,0,0,0
2022-08-17,167.1999969482422,-0.9199985727684656,0.2924263674614306,0,0,0,0,0,0
2022-08-18,168.69000244140625,0.425366207651468,0.6040644709180099,0,0,0,0,0,0
2022-08-19,162.9199981689453,-0.6240475158060979,0.45588235294117646,0,0,0,0,0,0
2022-08-22,158.97999572753906,0.30750668835385847,0.695591322603219,0,0,0,0,0,0
2022-08-23,160.07000732421875,0.4513265222763211,0.583916083916084,0,0,0,0,0,0
2022-08-24,163.60000610351562,0.7590868535991155,0.36198462613556953,0,0,0,0,0,0
2022-08-25,169.3800048828125,0.7508460234489097,0.3645251396648045,0,0,0,0,0,0
2022-08-26,164.52999877929688,0.9362610652883583,0.2826238660153524,0,0,0,0,0,0
2022-08-29,165.4199981689453,0.6640600470869489,0.43584379358437936,0,0,0,0,0,0
2022-08-30,162.2100067138672,-0.1259360629165384,0.8766550522648083,0,0,0,0,0,0
2022-08-31,160.25,0.07206213734784483,0.9275766016713092,0,0,0,0,0,0
2022-09-01,153.66000366210938,-1.996086898788535,0.06889352818371608,0,0,1,1,1,0
2022-09-02,151.82000732421875,0.14278198061953656,0.8574408901251739,0,0,0,0,0,0
2022-09-06,152.38999938964844,0.4563454690451769,0.5830437804030577,0,0,0,0,0,0
2022-09-07,155.9499969482422,0.10681368651288861,0.8951388888888889,0,0,0,0,0,0
2022-09-08,157.7899932861328,0.28685486889673495,0.7099236641221374,0,0,0,0,0,0
2022-09-09,157.52000427246094,-0.8877864026160911,0.3065187239944521,0,0,0,0,0,0
2022-09-12,158.72000122070312,-0.07987453861438777,0.9216909216909217,0,0,0,0,0,0
2022-09-13,147.30999755859375,-0.4411924241764637,0.5921052631578947,0,0,1,1,1,0
2022-09-14,149.25999450683594,0.14965806182651412,0.845674740484429,0,0,0,0,0,0
2022-09-15,149.77999877929688,0.9475069738294862,0.27869986168741356,0,0,0,0,0,0
2022-09-16,144.2899932861328,-1.2230727829252634,0.1824464409122322,0,0,1,1,1,0
2022-09-19,144.8800048828125,-0.2499613652174295,0.7562154696132597,0,0,0,0,0,0
2022-09-20,145.94000244140625,0.9218534028705495,0.2891649413388544,0,0,0,0,0,0
2022-09-21,143.2899932861328,0.21545512712335504,0.7813793103448275,0,0,0,0,0,0
2022-09-22,138.7100067138672,-1.104083434626299,0.2191592005513439,0,0,0,0,0,0
2022-09-23,131.25999450683594,-1.287322349215354,0.16115702479338842,0,0,0,0,0,0
2022-09-26,127.33999633789062,-0.6327620678969033,0.45354439091534754,0,0,0,0,0,0
2022-09-27,127.51000213623047,0.274758843914927,0.7269601100412655,0,0,0,0,0,0
2022-09-28,133.44000244140625,0.8358881068961477,0.32714776632302406,0,0,0,0,0,0
2022-09-29,125.33000183105469,-1.300206830578335,0.15865384615384615,0,0,0,0,0,0
2022-09-30,121.08000183105469,-0.6268474583841733,0.456417295813315,0,0,0,0,0,0
2022-10-03,126.05000305175781,0.1191315023808232,0.8799725651577504,0,0,0,0,0,0
2022-10-04,133.50999450683594,0.6611807897198142,0.43728581220013707,0,0,0,0,0,0
2022-10-05,132.11000061035156,-0.12540568707920616,0.876027397260274,0,0,0,0,0,0
2022-10-06,132.1999969482422,0.8365563637461498,0.3258042436687201,0,0,0,0,0,0
2022-10-07,129.7899932861328,0.7133040721891142,0.39466484268125857,0,0,0,0,0,0
2022-10-10,131.89999389648438,1.0303316093383932,0.24880382775119617,0,0,0,0,0,0
2022-10-11,131.57000732421875,0.21167188972500453,0.7855191256830601,0,0,0,0,0,0
2022-10-12,130.4199981689453,0.19427412330373917,0.8075085324232082,0,0,0,0,0,0
2022-10-13,132.39999389648438,-0.9667738573052075,0.27148703956343795,0,0,0,0,0,0
2022-10-14,133.14999389648438,1.985087133367718,0.06952965235173825,0,0,0,0,0,0
2022-10-17,136.08999633789062,-0.6061715596420489,0.46934604904632155,0,0,0,0,0,0
2022-10-18,137.33999633789062,-0.7039531794422146,0.4016337644656229,0,0,0,0,0,0
2022-10-19,138.38999938964844,0.6987147311748338,0.40680272108843535,0,0,0,0,0,0
2022-10-20,139.1300048828125,0.6567247373968803,0.44391570360299115,0,0,0,0,0,0
2022-10-21,141.32000732421875,-0.7690690065938457,0.35597826086956524,0,0,0,0,0,0
2022-10-24,142.0500030517578,-0.44324486114629635,0.5919891378139851,0,0,0,0,0,0
2022-10-25,146.64999389648438,0.6998121244798912,0.4056987788331072,0,0,0,0,0,0
2022-10-26,133.7899932861328,-4.14010702554006,0.010847457627118645,0,0,1,1,1,0
2022-10-27,139.75999450683594,2.1374244628660715,0.05894308943089431,0,0,0,0,0,0
2022-10-28,143.83999633789062,-0.268859570844961,0.7366283006093433,0,0,0,0,0,0
2022-10-31,142.50999450683594,0.02953861570047593,0.969553450608931,0,0,0,0,0,0
2022-11-01,143.3800048828125,0.45457106952329407,0.5841784989858012,0,0,0,0,0,0
2022-11-02,147.41000366210938,2.659545287221121,0.038513513513513516,0,0,0,0,0,0
2022-11-03,156.75,3.107592307434659,0.022957461174881837,0,0,0,0,0,0
2022-11-04,160.00999450683594,0.18987354272054813,0.8130904183535762,0,0,0,0,0,0
2022-11-07,164.91000366210938,0.6634736002153773,0.43695212407282535,0,0,0,0,0,0
2022-11-08,169.6199951171875,0.8922440492315825,0.3032345013477089,0,0,0,0,0,0
2022-11-09,168.74000549316406,0.9210490494327364,0.29023569023569024,0,0,0,0,0,0
2022-11-10,177.5800018310547,-0.6187103423910679,0.4636608344549125,0,0,0,0,0,0
2022-11-11,177.49000549316406,0.15836429746976938,0.8433086751849361,0,0,0,0,0,0
2022-11-14,173.5500030517578,-0.4505022860474143,0.5866935483870968,0,0,0,0,0,0
2022-11-15,175.35000610351562,-0.13051027095594658,0.8730691739422431,0,0,0,0,0,0
2022-11-16,172.69000244140625,-0.24823578081401124,0.7583892617449665,0,0,0,0,0,0
2022-11-17,172.77999877929688,0.08777851777042271,0.9161636485580148,0,0,0,0,0,0
2022-11-18,173.88999938964844,-0.006308329992039934,0.9959785522788204,0,0,0,0,0,0
2022-11-21,172.94000244140625,-0.15509307587236432,0.8439383791024783,0,0,0,0,0,0
2022-11-22,172.5,-0.800363498320982,0.3433734939759036,0,0,0,0,0,0
2022-11-23,174.85000610351562,0.27630344908357185,0.7237458193979933,0,0,0,0,0,0
2022-11-25,178.36000061035156,0.8477894223222435,0.32085561497326204,0,0,0,0,0,0
2022-11-28,171.8300018310547,-0.7878132635578108,0.3486973947895792,0,0,0,0,0,0
2022-11-29,175.32000732421875,0.9023094456422965,0.2963951935914553,0,0,0,0,0,0
2022-11-30,178.8800048828125,-0.6988875602385336,0.4069379586390927,0,0,0,0,0,0
2022-12-01,175.77999877929688,-0.6770031748865508,0.426,0,0,0,0,0,0
2022-12-02,182.8699951171875,1.5587905336165997,0.11658894070619587,0,0,0,0,0,0
2022-12-05,185.10000610351562,1.4894830603979539,0.12583222370173103,0,0,0,0,0,0
2022-12-06,178.42999267578125,-0.763291281967923,0.36127744510978044,0,0,0,0,0,0
2022-12-07,176.5,-0.3468491714219613,0.6695478723404256,0,0,0,0,0,0
2022-12-08,179.0800018310547,0.22883266661295457,0.774750830564784,0,0,0,0,0,0
2022-12-09,179.5399932861328,0.6249621114455043,0.4601593625498008,0,0,0,0,0,0
2022-12-12,186.27000427246094,0.7962219311446991,0.34571997345719974,0,0,0,0,0,0
2022-12-13,187.1300048828125,-0.10123319997863447,0.903183023872679,0,0,0,0,0,0
2022-12-14,188.25,0.5499126166391005,0.5142478462557986,0,0,0,0,0,0
2022-12-15,183.72000122070312,0.2377609676383191,0.7675496688741722,0,0,0,0,0,0
2022-12-16,184.6999969482422,0.7980452739429572,0.343481138318994,0,0,0,0,0,0
2022-12-19,185.67999267578125,0.5626234020460206,0.5033068783068783,0,0,0,0,0,0
2022-12-20,188.2899932861328,0.4314831119157142,0.6021150033046927,0,0,0,0,0,0
2022-12-21,196.0,0.8620538464013152,0.3137384412153236,0,0,0,0,0,0
2022-12-22,188.25,-0.9636405106194204,0.2693069306930693,0,0,0,0,0,0
2022-12-23,189.05999755859375,-0.16917873747024098,0.8304749340369393,0,0,0,0,0,0
2022-12-27,189.39999389648438,0.18140775824169214,0.8220171390903098,0,0,0,0,0,0
2022-12-28,188.3800048828125,0.3963124560439381,0.6337285902503293,0,0,0,0,0,0
2022-12-29,188.91000366210938,-0.8509179198525445,0.31797235023041476,0,0,0,0,0,0
2022-12-30,190.49000549316406,0.4695601238025426,0.5756578947368421,0,0,0,0,0,0
2023-01-03,195.38999938964844,1.3117089012618308,0.15516107823800132,0,0,0,0,0,0
2023-01-04,203.63999938964844,1.4293087808326348,0.13272010512483573,0,0,0,0,0,0
2023-01-05,204.99000549316406,0.789184614455791,0.34931057124097176,0,0,0,0,0,0
2023-01-06,213.0,0.48824265060842675,0.5636482939632546,0,0,0,0,0,0
2023-01-09,208.57000732421875,-0.6326214242053495,0.45704918032786884,0,0,0,0,0,0
2023-01-10,206.69000244140625,-0.7883561303037432,0.3492791612057667,0,0,0,0,0,0
2023-01-11,208.02999877929688,-0.2965877595513694,0.7066142763588736,0,0,0,0,0,0
2023-01-12,214.32000732421875,0.9978924878403734,0.25981675392670156,0,0,0,0,0,0
2023-01-13,214.1300048828125,-0.015513504659377429,0.9829954218443427,0,0,0,0,0,0
2023-01-17,211.41000366210938,-0.4298771003252672,0.6039215686274509,0,0,0,0,0,0
2023-01-18,209.41000366210938,0.4985512596424574,0.5558458523840627,0,0,0,0,0,0
2023-01-19,207.08999633789062,-0.06547431243544488,0.9366840731070496,0,0,0,0,0,0
2023-01-20,206.75999450683594,-1.0891007342033858,0.2217873450750163,0,0,0,0,0,0
2023-01-23,209.97000122070312,0.07349257872901804,0.9269882659713168,0,0,0,0,0,0
2023-01-24,211.97999572753906,0.2779530265129696,0.7224755700325733,0,0,0,0,0,0
2023-01-25,212.67999267578125,0.057015836495500676,0.9453125,0,0,0,0,0,0
2023-01-26,212.72999572753906,-0.5549114513026923,0.5094339622641509,0,0,0,0,0,0
2023-01-27,211.1699981689453,-0.3806236066743368,0.6417425227568271,0,0,0,0,0,0
2023-01-30,209.6699981689453,0.3656998772940517,0.6536712150747238,0,0,0,0,0,0
2023-01-31,213.0,-0.14218447452756022,0.8584415584415584,0,0,0,0,0,0
2023-02-01,214.75,-0.1522922483361578,0.8462037637897469,0,0,0,0,0,0
2023-02-02,209.33999633789062,-1.823387330762281,0.08365758754863813,0,0,0,0,0,0
2023-02-03,206.00999450683594,-0.1691413488120057,0.829552819183409,0,0,0,0,0,0
2023-02-06,206.80999755859375,0.31264223808475283,0.6884715025906736,0,0,0,0,0,0
2023-02-07,214.75999450683594,1.0898613784935598,0.22006472491909385,0,0,0,0,0,0
2023-02-08,213.5,0.2316064154413552,0.7716688227684346,0,0,0,0,0,0
2023-02-09,211.99000549316406,0.0811457703664303,0.9211376858435681,0,0,0,0,0,0
2023-02-10,212.88999938964844,-0.1706961723315983,0.8275193798449613,0,0,0,0,0,0
2023-02-13,215.64999389648438,-0.02374102309941475,0.9793415106520336,0,0,0,0,0,0
2023-02-14,218.4499969482422,0.5153408360143545,0.5387096774193548,0,0,0,0,0,0
2023-02-15,217.44000244140625,-0.3884691104577622,0.6350741457124436,0,0,0,0,0,0
2023-02-16,212.2100067138672,-0.3789998375564946,0.6398195876288659,0,0,0,0,0,0
2023-02-17,211.66000366210938,-0.10138658149571042,0.901481004507405,0,0,0,0,0,0
2023-02-21,205.52000427246094,-0.2533664229584308,0.750965250965251,0,0,0,0,0,0
2023-02-22,205.75999450683594,0.11029403845134393,0.890032154340836,0,0,0,0,0,0
2023-02-23,208.1300048828125,0.28678901182013544,0.7062982005141388,0,0,0,0,0,0
2023-02-24,198.14999389648438,-1.7280010408530455,0.08863198458574181,0,0,0,0,0,0
2023-02-27,200.4600067138672,0.37318180266751794,0.6424903722721438,0,0,0,0,0,0
2023-02-28,201.5500030517578,0.4719656947366007,0.5657472738935215,0,0,0,0,0,0
2023-03-01,204.5500030517578,0.8798730982371891,0.30448717948717946,0,0,0,0,0,0
2023-03-02,210.05999755859375,0.7017334482901579,0.3991031390134529,0,0,0,0,0,0
2023-03-03,215.11000061035156,0.27402296095135736,0.7272727272727273,0,0,0,0,0,0
2023-03-06,211.9199981689453,-0.7965815416037393,0.34101087651951373,0,0,0,0,0,0
2023-03-07,207.9199981689453,-0.04982126370091468,0.9520460358056266,0,0,0,0,0,0
2023-03-08,207.1999969482422,-0.2963811267678773,0.7022364217252396,0,0,0,0,0,0
2023-03-09,201.24000549316406,-0.390328789720477,0.632183908045977,0,0,0,0,0,0
2023-03-10,203.07000732421875,1.1081082373546707,0.209955328653478,0,0,0,0,0,0
2023-03-13,203.3699951171875,0.1626360434554903,0.8360969387755102,0,0,0,0,0,0
2023-03-14,207.27999877929688,-0.06328538004983365,0.9369024856596558,0,0,0,0,0,0
2023-03-15,198.2100067138672,-1.595598489089099,0.10828025477707007,0,0,0,0,0,0
2023-03-16,203.19000244140625,-0.050937646585179124,0.9516231699554424,0,0,0,0,0,0
2023-03-17,201.0500030517578,0.3127611059301294,0.6844783715012722,0,0,0,0,0,0
2023-03-20,204.77000427246094,0.08469820494228278,0.916083916083916,0,0,0,0,0,0
2023-03-21,204.6999969482422,-0.7263275950561571,0.3792884371029225,0,0,0,0,0,0
2023-03-22,196.16000366210938,-0.9878292681025629,0.2577777777777778,0,0,0,0,0,0
2023-03-23,197.89999389648438,0.30573995958596717,0.6916243654822335,0,0,0,0,0,0
2023-03-24,197.52999877929688,-0.49363875950462954,0.5510462904248573,0,0,0,0,0,0
2023-03-27,200.57000732421875,0.4819751196731319,0.5602027883396705,0,0,0,0,0,0
2023-03-28,204.9600067138672,1.123376942817879,0.2032932235592147,0,0,0,0,0,0
2023-03-29,207.97000122070312,-0.17473256991226263,0.8215189873417722,0,0,0,0,0,0
2023-03-30,211.0399932861328,0.41471328108511735,0.6122707147375079,0,0,0,0,0,0
2023-03-31,212.42999267578125,-0.4174023040299564,0.6093552465233881,0,0,0,0,0,0
2023-04-03,215.38999938964844,0.04617054045351496,0.9551484523057486,0,0,0,0,0,0
2023-04-04,213.89999389648438,-0.05863898984511415,0.9431818181818182,0,0,0,0,0,0
2023-04-05,210.0,-0.6254863266123445,0.4517350157728707,0,0,0,0,0,0
2023-04-06,211.3699951171875,0.12600453795687422,0.873266078184111,0,0,0,0,0,0
2023-04-10,210.77999877929688,-0.4676394630428743,0.5683679899180845,0,0,0,0,0,0
2023-04-11,212.32000732421875,0.3908685958963069,0.6303526448362721,0,0,0,0,0,0
2023-04-12,212.33999633789062,-0.04678124441536317,0.9546884833228445,0,0,0,0,0,0
2023-04-13,213.58999633789062,-0.39337552534676357,0.6283018867924528,0,0,0,0,0,0
2023-04-14,201.7100067138672,-2.557403531899518,0.04085480829666876,0,0,0,0,0,0
2023-04-17,205.02999877929688,0.35709089163570024,0.6557788944723618,0,0,0,0,0,0
2023-04-18,208.3699951171875,0.40462420896184764,0.6208411801632141,0,0,0,0,0,0
2023-04-19,208.7100067138672,0.16220623296518477,0.8350062735257214,0,0,0,0,0,0
2023-04-20,207.22999572753906,0.0039587353804050405,0.9981191222570532,0,0,0,0,0,0
2023-04-21,205.14999389648438,-0.40955960669512137,0.6146616541353384,0,0,0,0,0,0
2023-04-24,205.77000427246094,0.03147373388249965,0.9674389480275517,0,0,0,0,0,0
2023-04-25,202.19000244140625,0.13310381945013633,0.8654568210262829,0,0,0,0,0,0
2023-04-26,203.02999877929688,0.9821521661610215,0.2570356472795497,0,0,0,0,0,0
2023-04-27,206.0399932861328,-0.5789112886775488,0.4775,0,0,0,0,0,0
2023-04-28,206.77999877929688,-0.38217581645880383,0.6333541536539663,0,0,0,0,0,0
2023-05-01,203.8699951171875,-0.7628095888098432,0.3533083645443196,0,0,0,0,0,0
2023-05-02,203.25,0.6062903799354502,0.46038677479725515,0,0,0,0,0,0
2023-05-03,200.92999267578125,-0.06626447772071421,0.9314214463840399,0,0,0,0,0,0
2023-05-04,197.0500030517578,-0.4176591793058159,0.6049844236760125,0,0,0,0,0,0
2023-05-05,198.33999633789062,-0.7341878630270983,0.3698630136986301,0,0,0,0,0,0
2023-05-08,197.25999450683594,-0.13622659790212108,0.8624766645924082,0,0,0,0,0,0
2023-05-09,201.8800048828125,1.247910745767471,0.16417910447761194,0,0,0,0,0,0
2023-05-10,200.83999633789062,-0.5189121398613995,0.526413921690491,0,0,0,0,0,0
2023-05-11,201.83999633789062,0.40090103822290746,0.6229813664596273,0,0,0,0,0,0
2023-05-12,200.6999969482422,-0.3626327945213156,0.6492861576660459,0,0,0,0,0,0
2023-05-15,202.77000427246094,0.18851462241137454,0.8076923076923077,0,0,0,0,0,0
2023-05-16,200.8699951171875,-0.08096482356028792,0.9181649101053937,0,0,0,0,0,0
2023-05-17,206.8699951171875,0.42098098743876833,0.5997521685254027,0,0,0,0,0,0
2023-05-18,207.24000549316406,-0.3653474696396311,0.648297213622291,0,0,0,0,0,0
2023-05-19,205.49000549316406,-0.4334707663180654,0.5866336633663366,0,0,0,0,0,0
2023-05-22,205.91000366210938,0.020515162124601603,0.9802102659245516,0,0,0,0,0,0
2023-05-23,202.60000610351562,-0.05972114828697249,0.9400494437577256,0,0,0,0,0,0
2023-05-24,199.27000427246094,-0.5091734703695383,0.5311920938851142,0,0,0,0,0,0
2023-05-25,200.8699951171875,0.04429582286553537,0.9543209876543209,0,0,0,0,0,0
2023-05-26,203.6300048828125,-0.20919437834423166,0.7816162862430598,0,0,0,0,0,0
2023-05-30,204.69000244140625,0.23515160239159377,0.7614056720098644,0,0,0,0,0,0
2023-05-31,205.6999969482422,0.5716534661584679,0.47812692544670365,0,0,0,0,0,0
2023-06-01,207.9600067138672,-0.36800316415910445,0.6422413793103449,0,0,0,0,0,0
2023-06-02,213.32000732421875,0.350397446898724,0.660923076923077,0,0,0,0,0,0
2023-06-05,208.77999877929688,-1.034028781805903,0.23431734317343172,0,0,0,0,0,0
2023-06-06,207.2899932861328,-0.7695747933819954,0.3435771358328211,0,0,0,0,0,0
2023-06-07,211.92999267578125,1.097124868337507,0.20945945945945946,0,0,0,0,0,0
2023-06-08,218.11000061035156,1.061184676627732,0.22283609576427257,0,0,0,0,0,0
2023-06-09,217.30999755859375,-0.3892789460999683,0.6282208588957056,0,0,0,0,0,0
2023-06-12,221.55999755859375,0.5664202386221419,0.48497854077253216,0,0,0,0,0,0
2023-06-13,220.3800048828125,-0.693018721730314,0.39889705882352944,0,0,0,0,0,0
2023-06-14,216.89999389648438,-0.7954116937696865,0.3337415799142682,0,0,0,0,0,0
2023-06-15,219.41000366210938,-0.21627215588169812,0.7760097919216646,0,0,0,0,0,0
2023-06-16,219.99000549316406,0.0411742036854908,0.9584097859327217,0,0,0,0,0,0
2023-06-20,212.3699951171875,-1.7647587357653836,0.08190709046454768,0,0,0,0,0,0
2023-06-21,212.0800018310547,-0.24728584016139218,0.7525962125839951,0,0,0,0,0,0
2023-06-22,205.61000061035156,-1.680342995798249,0.09645909645909646,0,0,0,0,0,0
2023-06-23,205.41000366210938,0.4654244433868034,0.5661989017693716,0,0,0,0,0,0
2023-06-26,205.5800018310547,0.2801963423290655,0.7134146341463414,0,0,0,0,0,0
2023-06-27,209.42999267578125,0.5021316639691797,0.5368677635588056,0,0,0,0,0,0
2023-06-28,210.72000122070312,0.4583143902567422,0.5682095006090134,0,0,0,0,0,0
2023-06-29,211.8300018310547,-0.3732792148110414,0.6384662203286671,0,0,0,0,0,0
2023-06-30,211.16000366210938,-0.9934965080245901,0.25121654501216545,0,0,0,0,0,0
2023-07-03,210.9199981689453,-0.26789792503701176,0.731306990881459,0,0,0,0,0,0
2023-07-05,213.30999755859375,0.6418426629839424,0.4349939246658566,0,0,0,0,0,0
2023-07-06,212.6199951171875,0.2819108037037473,0.7103825136612022,0,0,0,0,0,0
2023-07-07,212.10000610351562,0.09566957353923226,0.9016990291262136,0,0,0,0,0,0
2023-07-10,213.30999755859375,0.06449455501515837,0.9326864766525167,0,0,0,0,0,0
2023-07-11,218.75999450683594,0.943211013697091,0.26606060606060605,0,0,0,0,0,0
2023-07-12,217.11000061035156,-0.5406666832541599,0.5087825560266506,0,0,0,0,0,0
2023-07-13,216.85000610351562,-0.6727137575486479,0.41404358353510895,0,0,0,0,0,0
2023-07-14,213.1199951171875,-0.7206209769780327,0.37568058076225047,0,0,0,0,0,0
2023-07-17,211.8699951171875,-0.7623208591997829,0.34885126964933494,0,0,0,0,0,0
2023-07-18,211.57000732421875,-0.24555128463673012,0.7552870090634441,0,0,0,0,0,0
2023-07-19,208.60000610351562,-0.8962322033939015,0.28442028985507245,0,0,0,0,0,0
2023-07-20,213.61000061035156,1.2902982181680946,0.15027157513578757,0,0,0,0,0,0
2023-07-21,211.8000030517578,-0.435057694980836,0.5850422195416164,0,0,0,0,0,0
2023-07-24,215.8699951171875,0.7793895017648418,0.33815551537070526,0,0,0,0,0,0
2023-07-25,214.1199951171875,-0.4264158534027786,0.591566265060241,0,0,0,0,0,0
2023-07-26,232.8000030517578,5.013476480175133,0.006020469596628537,0,0,0,0,0,0
2023-07-27,233.75,0.8503440319461738,0.3074608904933815,0,0,0,0,0,0
2023-07-28,238.69000244140625,0.4577044749866693,0.5688514732411305,0,0,0,0,0,0
2023-07-31,238.85000610351562,-0.048078799788743354,0.9513221153846154,0,0,0,0,0,0
2023-08-01,238.00999450683594,-0.13964006890201688,0.857057057057057,0,0,0,0,0,0
2023-08-02,231.3800048828125,-0.8428128073228224,0.30912364945978393,0,0,0,0,0,0
2023-08-03,231.36000061035156,0.22207427148717007,0.7744451109778044,0,0,0,0,0,0
2023-08-04,231.36000061035156,0.2580674164617782,0.7422062350119905,0,0,0,0,0,0
2023-08-07,238.25,0.9612892868092214,0.25883762732174953,0,0,0,0,0,0
2023-08-08,238.0399932861328,0.25741281074043765,0.7431137724550898,0,0,0,0,0,0
2023-08-09,237.86000061035156,-0.042240616991585975,0.9575104727707959,0,0,0,0,0,0
2023-08-10,238.25999450683594,0.23284557830776634,0.7655502392344498,0,0,0,0,0,0
2023-08-11,235.72000122070312,-0.8792614095395117,0.2958756724447101,0,0,0,0,0,0
2023-08-14,236.7100067138672,0.1125882232313926,0.8829151732377539,0,0,0,0,0,0
2023-08-15,232.25999450683594,-0.18809087304689248,0.8083582089552239,0,0,0,0,0,0
2023-08-16,229.9499969482422,-0.237188384511516,0.7613365155131265,0,0,0,0,0,0
2023-08-17,224.5399932861328,-1.2196710239905677,0.17054263565891473,0,0,0,0,0,0
2023-08-18,226.64999389648438,0.2481813126424637,0.7508939213349225,0,0,0,0,0,0
2023-08-21,227.22000122070312,-0.28095171359312415,0.7087552114353782,0,0,0,0,0,0
2023-08-22,230.07000732421875,0.8693006621364885,0.2988095238095238,0,0,0,0,0,0
2023-08-23,228.5800018310547,-1.165240055710919,0.18262938726948244,0,0,0,0,0,0
2023-08-24,217.30999755859375,-2.08245037988793,0.05648038049940547,0,0,0,0,0,0
2023-08-25,223.41000366210938,1.3181096466297184,0.14497920380273321,0,0,0,0,0,0
2023-08-28,227.05999755859375,0.2457023635580995,0.7541567695961995,0,0,0,0,0,0
2023-08-29,227.25,-0.5253704243470021,0.5186943620178042,0,0,0,0,0,0
2023-08-30,228.85000610351562,-0.14440660789330856,0.8523131672597865,0,0,0,0,0,0
2023-08-31,224.02999877929688,-1.1250932633553867,0.1956135151155898,0,0,0,0,0,0
2023-09-01,223.39999389648438,-0.2576045168210075,0.740521327014218,0,0,0,0,0,0
2023-09-05,222.57000732421875,0.2693260405117597,0.7264653641207816,0,0,0,0,0,0
2023-09-06,217.9499969482422,-0.43698442684196553,0.5816568047337278,0,0,0,0,0,0
2023-09-07,216.0500030517578,-0.7106569212247117,0.384387936132466,0,0,0,0,0,0
2023-09-08,211.27000427246094,-1.2006227654039923,0.17375886524822695,0,0,0,0,0,0
2023-09-11,211.00999450683594,-0.20671855679219742,0.7861783815711755,0,0,0,0,0,0
2023-09-12,210.64999389648438,0.32553172822738835,0.6729634002361276,0,0,0,0,0,0
2023-09-13,208.39999389648438,-0.7050904354840241,0.3858407079646018,0,0,0,0,0,0
2023-09-14,209.0500030517578,-0.5759338346629794,0.47346698113207547,0,0,0,0,0,0
2023-09-15,208.11000061035156,0.22938390955490476,0.7707719505008839,0,0,0,0,0,0
2023-09-18,205.1199951171875,-1.1741383985054734,0.18080094228504123,0,0,0,0,0,0
2023-09-19,204.47999572753906,-0.022650278949153124,0.9805768098881695,0,0,0,0,0,0
2023-09-20,202.3699951171875,-0.033005886539404596,0.9658823529411765,0,0,0,0,0,0
2023-09-21,199.9499969482422,0.6404476483551529,0.43562610229276894,0,0,0,0,0,0
2023-09-22,197.7100067138672,-0.17169384085399161,0.8219741480611046,0,0,0,0,0,0
2023-09-25,198.77999877929688,0.059886373314891425,0.9389312977099237,0,0,0,0,0,0
2023-09-26,195.63999938964844,-0.23054401590950693,0.7676056338028169,0,0,0,0,0,0
2023-09-27,195.4600067138672,-0.3599198195988657,0.6469208211143695,0,0,0,0,0,0
2023-09-28,190.42999267578125,-2.0028726577889118,0.06096131301289566,0,0,0,0,0,0
2023-09-29,191.67999267578125,0.4625055054039734,0.5629759812536614,0,0,0,0,0,0
2023-10-02,187.8300018310547,-0.9825506337222701,0.2505854800936768,0,0,0,0,0,0
2023-10-03,188.9199981689453,1.1183909225538184,0.20011702750146285,0,0,0,0,0,0
2023-10-04,186.72999572753906,-0.8771157598296939,0.2964912280701754,0,0,0,0,0,0
2023-10-05,186.2899932861328,-0.034598421606703136,0.9631794272355347,0,0,0,0,0,0
2023-10-06,187.3800048828125,-0.36348174709639686,0.6442757009345794,0,0,0,0,0,0
2023-10-09,188.49000549316406,-1.0895109700491674,0.21132516053706946,0,0,1,1,1,0
2023-10-10,193.52999877929688,1.2237323901469492,0.1674445740956826,0,0,0,0,0,0
2023-10-11,196.07000732421875,0.3274358070834013,0.6705539358600583,0,0,0,0,0,0
2023-10-12,191.3000030517578,-1.1355441331309257,0.19230769230769232,0,0,0,0,0,0
2023-10-13,184.91000366210938,-1.847147804499377,0.07338380896913221,0,0,0,0,0,0
2023-10-16,184.92999267578125,-0.40905726655662494,0.610011641443539,0,0,0,0,0,0
2023-10-17,185.60000610351562,0.15100592626906287,0.8429319371727748,0,0,0,0,0,0
2023-10-18,185.69000244140625,0.48388751036334504,0.5465116279069767,0,0,0,0,0,0
2023-10-19,182.7899932861328,-0.47279855656119957,0.5520046484601976,0,0,0,0,0,0
2023-10-20,180.0399932861328,-0.1129467141191859,0.8832752613240418,0,0,0,0,0,0
2023-10-23,181.02999877929688,0.23108395243567498,0.7678467788740568,0,0,0,0,0,0
2023-10-24,182.36000061035156,-0.5012371698490644,0.5330626450116009,0,0,0,0,0,0
2023-10-25,177.72999572753906,-0.9463446574097768,0.263768115942029,0,0,0,0,0,0
2023-10-26,179.08999633789062,1.070268190901593,0.21784472769409038,0,0,0,0,0,0
2023-10-27,179.69000244140625,0.6252119711999876,0.44296467863346844,0,0,0,0,0,0
2023-10-30,182.35000610351562,0.23954689347449426,0.7581018518518519,0,0,0,0,0,0
2023-10-31,186.82000732421875,1.0853529704120517,0.2145748987854251,0,0,0,0,0,0
2023-11-01,189.3800048828125,0.5860697035663995,0.4653179190751445,0,0,0,0,0,0
2023-11-02,192.00999450683594,-0.3732736385263324,0.635470826112074,0,0,0,0,0,0
2023-11-03,195.0500030517578,0.6321237013105274,0.43937644341801385,0,0,0,0,0,0
2023-11-06,192.9499969482422,-0.717715723689453,0.37795729948066936,0,0,0,0,0,0
2023-11-07,191.41000366210938,-0.7125019902413113,0.381199538638985,0,0,0,0,0,0
2023-11-08,191.8300018310547,0.2823583833150442,0.7048991354466859,0,0,0,0,0,0
2023-11-09,193.3300018310547,1.1708718508396572,0.179147465437788,0,0,0,0,0,0
2023-11-10,196.64999389648438,0.21303111821285733,0.7806563039723662,0,0,0,0,0,0
2023-11-13,204.5399932861328,2.722275638408983,0.03164556962025317,0,0,0,0,0,0
2023-11-14,207.47000122070312,-0.19426469278359274,0.8039102932719954,0,0,0,0,0,0
2023-11-15,208.7100067138672,0.4482238006172943,0.5718390804597702,0,0,0,0,0,0
2023-11-16,206.60000610351562,-0.8473578237497739,0.3084434233199311,0,0,0,0,0,0
2023-11-17,208.0399932861328,0.39192397902027,0.6228473019517795,0,0,0,0,0,0
2023-11-20,217.7100067138672,2.69654336163351,0.03270223752151463,0,0,0,0,0,0
2023-11-21,218.27000427246094,0.20934450098083154,0.7855504587155964,0,0,0,0,0,0
2023-11-22,219.91000366210938,0.27091741657453733,0.7237822349570201,0,0,0,0,0,0
2023-11-24,220.0,-0.1482064716128083,0.8482245131729668,0,0,0,0,0,0
2023-11-27,219.3000030517578,0.08548382828088855,0.9129937034917001,0,0,0,0,0,0
2023-11-28,222.3699951171875,0.654217851337716,0.42848970251716245,0,0,0,0,0,0
2023-11-29,224.42999267578125,0.6407685346412424,0.433390508862207,0,0,0,0,0,0
2023-11-30,231.6300048828125,1.4627778582028363,0.11942857142857143,0,0,0,0,0,0
2023-12-01,233.8699951171875,-0.01619562442281923,0.9834380354083381,0,0,0,0,0,0
2023-12-04,234.8699951171875,0.48719627016997497,0.5445205479452054,0,0,0,0,0,0
2023-12-05,234.16000366210938,0.11424632049665909,0.8819167142042214,0,0,0,0,0,0
2023-12-06,236.88999938964844,0.7893427199647202,0.3329532497149373,0,0,0,0,0,0
2023-12-07,237.3300018310547,-0.13376063879894204,0.8660968660968661,0,0,0,0,0,0
2023-12-08,244.6999969482422,1.8052386907481468,0.07801822323462415,0,0,0,0,0,0
2023-12-11,248.0800018310547,0.5295786883621202,0.514513375071144,0,0,0,0,0,0
2023-12-12,248.6300048828125,-0.16357014576898526,0.8321956769055745,0,0,0,0,0,0
2023-12-13,250.91000366210938,-0.5406713743368133,0.5048322910744741,0,0,0,0,0,0
2023-12-14,256.239990234375,1.7273895622106001,0.08409090909090909,0,0,0,0,0,0
2023-12-15,264.2699890136719,2.437073408704247,0.04202157864849517,0,0,0,0,0,0
2023-12-18,260.4100036621094,-1.504043347529531,0.11577752553916004,0,0,0,0,0,0
2023-12-19,263.510009765625,0.1536963699288838,0.841747022121384,0,0,0,0,0,0
2023-12-20,260.25,0.32203411946341587,0.673469387755102,0,0,0,0,0,0
2023-12-21,262.0199890136719,-0.4352072785283796,0.5818696883852691,0,0,0,0,0,0
2023-12-22,260.44000244140625,-0.6993111060739451,0.3912797281993205,0,0,0,0,0,0
2023-12-26,262.7900085449219,0.24859115685379976,0.7487266553480475,0,0,0,0,0,0
2023-12-27,262.1000061035156,-0.34457324798806427,0.6611990950226244,0,0,0,0,0,0
2023-12-28,260.3500061035156,-0.5352550622468805,0.5070661390616167,0,0,0,0,0,0
2023-12-29,260.6600036621094,0.2223930150813312,0.7740112994350282,0,0,0,0,0,0
2024-01-02,251.75999450683594,-2.232092903520124,0.049689440993788817,0,0,0,0,0,0
2024-01-03,243.91000366210938,-1.8471592734528863,0.07336343115124154,0,0,0,0,0,0
2024-01-04,244.94000244140625,0.5240146882619169,0.5177664974619289,0,0,0,0,0,0
2024-01-05,249.0,1.0573497296770074,0.22266065388951523,0,0,0,0,0,0
2024-01-08,229.0,-6.898284407674653,0.0022535211267605635,1,0,1,2,2,1
2024-01-09,225.75999450683594,-0.6927295894749101,0.3969594594594595,0,0,0,0,0,0
2024-01-10,227.83999633789062,0.27727106808762386,0.7146876758581879,0,0,0,0,0,0
2024-01-11,222.66000366210938,-1.309813034725856,0.14566929133858267,0,0,0,0,0,0
2024-01-12,217.6999969482422,-1.9034561931699858,0.06857785272625071,0,0,0,0,0,0
2024-01-16,200.52000427246094,-4.764758069806614,0.006741573033707865,0,0,0,0,0,0
2024-01-17,203.05999755859375,1.2051284281640855,0.17349803481190343,0,0,0,0,0,0
2024-01-18,211.61000061035156,2.0098705194914968,0.06060606060606061,0,0,0,0,0,0
2024-01-19,215.02000427246094,0.49540134940619995,0.5395401009534493,0,0,0,0,0,0
2024-01-22,214.92999267578125,-0.08773187271662056,0.9125560538116592,0,0,0,0,0,0
2024-01-23,211.5,-0.8708738592500117,0.29859943977591036,0,0,0,0,0,0
2024-01-24,214.1300048828125,0.9168048295961329,0.2782754759238522,0,0,0,0,0,0
2024-01-25,201.8800048828125,-3.776104939805327,0.013989927252378288,0,0,0,0,0,0
2024-01-26,205.47000122070312,1.0552103151707615,0.22706935123042504,0,0,0,0,0,0
2024-01-29,205.19000244140625,-0.3426654758642039,0.6640581330352152,0,0,0,0,0,0
2024-01-30,200.44000244140625,-1.4488559557264178,0.12346368715083798,0,0,0,0,0,0
2024-01-31,211.0399932861328,3.9533928791788036,0.012283640424343942,0,0,0,0,0,0
2024-02-01,209.80999755859375,-1.0544668595938815,0.22879464285714285,0,0,0,0,0,0
2024-02-02,209.3800048828125,-0.514012012887544,0.5253764640267707,0,0,0,0,0,0
2024-02-05,206.6300048828125,-0.4253870454214668,0.5936454849498328,0,0,0,0,0,0
2024-02-06,208.5800018310547,0.23176180015313144,0.7688022284122563,0,0,0,0,0,0
2024-02-07,211.9199981689453,0.46810026855775344,0.5601336302895323,0,0,0,0,0,0
2024-02-08,209.22000122070312,-0.6012041643156936,0.45965498052309406,0,0,0,0,0,0
2024-02-09,209.1999969482422,-0.1728606584007881,0.8236929922135706,0,0,0,0,0,0
2024-02-12,209.3300018310547,0.03511124802026362,0.962757087270706,0,0,0,0,0,0
2024-02-13,204.4600067138672,-0.598199849858996,0.46055555555555555,0,0,0,0,0,0
2024-02-14,203.3800048828125,-0.8025999277882702,0.32815102720710715,0,0,0,0,0,0
2024-02-15,205.3300018310547,0.15903004895433787,0.8401775804661488,0,0,0,0,0,0
2024-02-16,203.88999938964844,-0.17359177395291384,0.8219633943427621,0,0,0,0,0,0
2024-02-20,203.3699951171875,0.1520973947101199,0.8453436807095344,0,0,0,0,0,0
2024-02-21,201.57000732421875,-0.6386421200406425,0.43656509695290857,0,0,0,0,0,0
2024-02-22,201.5,-0.8716838286732022,0.29844961240310075,0,0,0,0,0,0
2024-02-23,200.8300018310547,-0.26663588974626906,0.7293857221914776,0,0,0,0,0,0
2024-02-26,200.5399932861328,0.11627816804068958,0.8832964601769911,0,0,0,0,0,0
2024-02-27,201.39999389648438,0.18723407093074276,0.8114980652294085,0,0,0,0,0,0
2024-02-28,207.0,1.5810075794917806,0.10718232044198896,0,0,0,0,0,0
2024-02-29,203.72000122070312,-0.9483645215502272,0.26449475427940367,0,0,0,0,0,0
2024-03-01,200.0,-1.3303709056238016,0.14293598233995586,0,0,0,0,0,0
2024-03-04,200.5399932861328,-0.04082059135998783,0.9597352454495311,0,0,0,0,0,0
2024-03-05,201.13999938964844,0.5796032595766052,0.47078280044101434,0,0,0,0,0,0
2024-03-06,201.0,-0.2852068517511158,0.7024793388429752,0,0,0,0,0,0
2024-03-07,203.02999877929688,0.2433108286801861,0.7555066079295154,0,0,0,0,0,0
2024-03-08,198.49000549316406,-1.212392449408969,0.17116125481563016,0,0,0,0,0,0
2024-03-11,192.49000549316406,-1.6640036449168734,0.09790979097909791,0,0,0,0,0,0
2024-03-12,184.24000549316406,-2.799785557555269,0.029136888400219902,0,0,0,0,0,0
2024-03-13,182.35000610351562,-0.614057545601396,0.45,0,0,0,0,0,0
2024-03-14,181.14999389648438,-0.2921152394361948,0.6979681493684788,0,0,0,0,0,0
2024-03-15,182.52999877929688,0.4348358795691978,0.5845225027442371,0,0,0,0,0,0
2024-03-18,179.83999633789062,-0.9817124125250685,0.2545255074053758,0,0,0,0,0,0
2024-03-19,181.13999938964844,0.003193339450374403,0.9983552631578947,0,0,0,0,0,0
2024-03-20,187.77999877929688,1.7034816549946625,0.09041095890410959,0,0,0,0,0,0
2024-03-21,187.6999969482422,0.08479839391719049,0.9151150054764513,0,0,0,0,0,0
2024-03-22,188.85000610351562,0.41961681016910285,0.6004378762999453,0,0,0,0,0,0
2024-03-25,191.41000366210938,0.888350694107763,0.2910284463894967,0,0,0,0,0,0
2024-03-26,187.5,-1.0823473726564128,0.21815199562602516,0,0,0,0,0,0
2024-03-27,191.9499969482422,0.8202356211293653,0.3224043715846995,0,0,0,0,0,0
2024-03-28,192.99000549316406,0.4665934893193434,0.5625341343528126,0,0,0,0,0,0
2024-04-01,189.5,-0.8191526271982392,0.3231441048034934,0,0,0,0,0,0
2024-04-02,188.0399932861328,0.05066124810447004,0.9498090561920349,0,0,0,0,0,0
2024-04-03,184.9199981689453,-0.6829615073611944,0.40458015267175573,0,0,0,0,0,0
2024-04-04,183.2899932861328,-0.34781409915319966,0.6610354223433242,0,0,0,0,0,0
2024-04-05,183.13999938964844,-0.5462456541752586,0.5,0,0,0,0,0,0
2024-04-08,181.55999755859375,-0.46603770985994014,0.5639629831246598,0,0,0,0,0,0
2024-04-09,178.1199951171875,-0.8141468219451226,0.3253536452665941,0,0,0,0,0,0
2024-04-10,174.6300048828125,-0.9079158538498526,0.28004350190320826,0,0,0,0,0,0
2024-04-11,173.36000061035156,-0.5421345980614236,0.5043478260869565,0,0,0,0,0,0
2024-04-12,169.5500030517578,-0.6196458298018462,0.44703965236284626,0,0,0,0,0,0
2024-04-15,167.82000732421875,-0.09597028005083044,0.9033659066232356,0,0,0,0,0,0
2024-04-16,170.5500030517578,1.0056470963689672,0.24633749321758003,0,0,0,0,0,0
2024-04-17,170.2100067138672,0.057880354718382,0.9425162689804772,0,0,0,0,0,0
2024-04-18,170.22999572753906,0.15852528662907725,0.8395663956639566,0,0,0,0,0,0
2024-04-19,169.82000732421875,0.032643473687776266,0.9680390032502708,0,0,0,0,0,0
2024-04-22,170.47999572753906,-0.20130243270255246,0.7931781266919329,0,0,0,0,0,0
2024-04-23,169.17999267578125,-0.8667959587966451,0.30194805194805197,0,0,0,0,0,0
2024-04-24,164.3300018310547,-1.5022201991541986,0.11736073553272039,0,0,0,0,0,0
2024-04-25,166.80999755859375,0.809780940407468,0.3281081081081081,0,0,0,0,0,0
2024-04-26,167.22000122070312,0.030197433738929566,0.9708265802269044,0,0,0,0,0,0
2024-04-29,173.49000549316406,1.831367475869793,0.07721382289416846,0,0,0,0,0,0
2024-04-30,167.83999633789062,-1.1469259450360414,0.18834322719913654,0,0,0,0,0,0
2024-05-01,171.4600067138672,1.4744461328314693,0.11974110032362459,0,0,0,0,0,0
2024-05-02,178.85000610351562,2.143087242438988,0.053369272237196765,0,0,0,0,0,0
2024-05-03,179.7899932861328,0.08334787285418961,0.915948275862069,0,0,0,0,0,0
2024-05-06,178.35000610351562,-0.7987273401267183,0.33279483037156704,0,0,0,0,0,0
2024-05-07,176.7100067138672,-0.7125172062914469,0.3832077502691066,0,0,0,0,0,0
2024-05-08,180.35000610351562,1.2121217326826452,0.17213555675094136,0,0,0,0,0,0
2024-05-09,181.25,0.0745214232052095,0.9225806451612903,0,0,0,0,0,0
2024-05-10,178.50999450683594,-0.838807696675051,0.31327243417517464,0,0,0,0,0,0
2024-05-13,178.44000244140625,0.17191019780139466,0.822234156820623,0,0,0,0,0,0
2024-05-14,180.75999450683594,0.697188832132756,0.3982823403113258,0,0,0,0,0,0
2024-05-15,176.99000549316406,-1.3957943015824372,0.13143776824034334,0,0,0,0,0,0
2024-05-16,182.9600067138672,2.11623979501574,0.05522788203753351,0,0,0,0,0,0
2024-05-17,184.9499969482422,0.6514758445340565,0.4330117899249732,0,0,0,0,0,0
2024-05-20,186.61000061035156,0.499101439665939,0.5388323513658275,0,0,0,0,0,0
2024-05-21,184.77999877929688,-0.6528683413716437,0.43254817987152033,0,0,0,0,0,0
2024-05-22,186.27999877929688,0.5378201930781381,0.5109684323167469,0,0,0,0,0,0
2024-05-23,172.2100067138672,-3.9560091295574242,0.011764705882352941,0,0,0,0,0,0
2024-05-24,174.52000427246094,0.5566149567730034,0.4927846071619455,0,0,0,0,0,0
2024-05-28,175.0800018310547,0.39591690066963947,0.6233974358974359,0,0,0,0,0,0
2024-05-29,171.64999389648438,-0.49802954974263614,0.5413774693005873,0,0,0,0,0,0
2024-05-30,172.75,0.37172309677688764,0.6414087513340448,0,0,0,0,0,0
2024-05-31,177.61000061035156,1.1091660368836747,0.20426666666666668,0,0,0,0,0,0
2024-06-03,184.57000732421875,2.2068674713651966,0.05223880597014925,0,0,0,0,0,0
2024-06-04,188.6199951171875,1.2127820909857125,0.17155034629728289,0,0,0,0,0,0
2024-06-05,189.85000610351562,0.08453715439836851,0.9148029818956337,0,0,0,0,0,0
2024-06-06,191.4199981689453,0.48816522180754507,0.5486961149547632,0,0,0,0,0,0
2024-06-07,190.24000549316406,-0.2140338916613492,0.7803191489361702,0,0,0,0,0,0
2024-06-10,190.1199951171875,0.1203779233578493,0.8777246145667198,0,0,0,0,0,0
2024-06-11,185.5,-1.0896539616471537,0.21360255047821466,0,0,0,0,0,0
2024-06-12,182.6699981689453,-0.9364180039798616,0.26925119490175253,0,0,0,0,0,0
2024-06-13,180.6999969482422,-0.15857762557253502,0.839171974522293,0,0,0,0,0,0
2024-06-14,177.27000427246094,-0.9431887681512787,0.26790450928381965,0,0,0,0,0,0
2024-06-17,178.38999938964844,-0.09967551343463142,0.9003181336161188,0,0,0,0,0,0
2024-06-18,174.99000549316406,-1.074097542447402,0.21939586645468998,0,0,0,0,0,0
2024-06-20,176.3000030517578,0.49588067302828187,0.541843220338983,0,0,0,0,0,0
2024-06-21,176.55999755859375,0.23807091917222606,0.7596611964002118,0,0,0,0,0,0
2024-06-24,179.10000610351562,1.4646641409696088,0.12222222222222222,0,0,0,0,0,0
2024-06-25,175.10000610351562,-1.1420732660929216,0.1930195663670016,0,0,0,0,0,0
2024-06-26,178.5,1.117790326283156,0.20348837209302326,0,0,0,0,0,0
2024-06-27,182.50999450683594,1.232426502875534,0.1653460116217644,0,0,0,0,0,0
2024-06-28,182.00999450683594,0.07227147621590388,0.926610348468849,0,0,0,0,0,0
2024-07-01,186.6999969482422,1.4022216786246828,0.1308707124010554,0,0,0,0,0,0
2024-07-02,185.4199981689453,-0.5849466588753353,0.47151898734177217,0,0,0,0,0,0
2024-07-03,184.30999755859375,-0.4372326789185337,0.5861887190300474,0,0,0,0,0,0
2024-07-05,184.8300018310547,0.17770071194266188,0.8177028451001054,0,0,0,0,0,0
2024-07-08,185.83999633789062,0.38271197313675215,0.6324381253291206,0,0,0,0,0,0
2024-07-09,183.24000549316406,-0.6405049857889815,0.4373684210526316,0,0,0,0,0,0
2024-07-10,183.72999572753906,-0.16898620479789625,0.8274592319831667,0,0,0,0,0,0
2024-07-11,183.91000366210938,0.38059894731695343,0.6340694006309149,0,0,0,0,0,0
2024-07-12,182.30999755859375,-0.5610005647994776,0.488702049395691,0,0,0,0,0,0
2024-07-15,179.11000061035156,-0.9420616119778785,0.2689075630252101,0,0,0,0,0,0
2024-07-16,186.0500030517578,1.7381617910438052,0.08451443569553806,0,0,0,0,0,0
2024-07-17,184.83999633789062,-0.14601623852954465,0.8520461699895068,0,0,0,0,0,0
2024-07-18,180.22999572753906,-1.0368576641848612,0.23597273203985317,0,0,0,0,0,0
2024-07-19,179.6699981689453,0.16617400328387202,0.8301886792452831,0,0,0,0,0,0
2024-07-22,178.89999389648438,-0.6242840607307691,0.44683080146673654,0,0,0,0,0,0
2024-07-23,186.47999572753906,2.09768738092073,0.05602094240837696,0,0,0,0,0,0
2024-07-24,180.07000732421875,-1.1286149374836196,0.1967556253270539,0,0,0,0,0,0
2024-07-25,184.35000610351562,1.1711422968571965,0.18305439330543932,0,0,0,0,0,0
2024-07-26,186.88999938964844,0.17457650824041787,0.8196549921589127,0,0,0,0,0,0
2024-07-29,185.42999267578125,-0.36080883208517955,0.6509926854754441,0,0,0,0,0,0
2024-07-30,186.86000061035156,0.19676445034956852,0.7989556135770235,0,0,0,0,0,0
2024-07-31,190.60000610351562,0.5355388702056143,0.5120041753653445,0,0,0,0,0,0
2024-08-01,178.30999755859375,-3.063884410493534,0.022430881585811163,0,0,0,0,0,0
2024-08-02,169.9499969482422,-1.861247348985429,0.07247132429614181,0,0,0,0,0,0
2024-08-05,167.02999877929688,0.43075721871357453,0.5919749869723815,0,0,1,1,1,0
2024-08-06,165.0399932861328,-0.6809696965731246,0.40989583333333335,0,0,1,1,1,0
2024-08-07,163.24000549316406,-0.33567536483266786,0.6699635606454971,0,0,0,0,0,0
2024-08-08,168.8699951171875,1.06987662587441,0.22320499479708636,0,0,0,0,0,0
2024-08-09,167.91000366210938,-0.4660094173900377,0.5678627145085804,0,0,0,0,0,0
2024-08-12,164.1300048828125,-1.1911617136315613,0.17723492723492723,0,0,0,0,0,0
2024-08-13,168.75999450683594,0.9559319090881542,0.26441558441558444,0,0,0,0,0,0
2024-08-14,168.5,-0.18013909442051562,0.8167185877466251,0,0,0,0,0,0
2024-08-15,176.41000366210938,1.840514688632768,0.07784120394395433,0,0,0,0,0,0
2024-08-16,179.99000549316406,1.0561266703938224,0.22977178423236513,0,0,0,0,0,0
2024-08-19,179.63999938964844,-0.40624390899227014,0.6179367547952307,0,0,0,0,0,0
2024-08-20,172.10000610351562,-2.037901146466124,0.06062176165803109,0,0,0,0,0,0
2024-08-21,173.42999267578125,0.45111011592317063,0.5753495598135681,0,0,0,0,0,0
2024-08-22,172.75999450683594,0.07860766722540762,0.9228778467908902,0,0,0,0,0,0
2024-08-23,174.9600067138672,0.3147332553696112,0.6823590274185204,0,0,0,0,0,0
2024-08-26,173.47999572753906,-0.27334284146868915,0.7233712512926577,0,0,0,0,0,0
2024-08-27,173.0500030517578,-0.08709002479484551,0.9131782945736434,0,0,0,0,0,0
2024-08-28,170.7100067138672,-0.5142348453383365,0.5263429752066116,0,0,0,0,0,0
2024-08-29,172.25999450683594,0.38565298659408936,0.6319050077439339,0,0,0,0,0,0
2024-08-30,173.74000549316406,0.10995303478316128,0.890608875128999,0,0,0,0,0,0
2024-09-03,161.02000427246094,-2.768113134868909,0.029396596183599792,0,0,0,0,0,0
2024-09-04,163.22000122070312,0.8705236627254774,0.3036082474226804,0,0,0,0,0,0
2024-09-05,162.14999389648438,0.12546138269569912,0.8753219989696033,0,0,0,0,0,0
2024-09-06,157.6199951171875,-0.48248016470435484,0.5525231719876416,0,0,0,0,0,0
2024-09-09,162.91000366210938,1.0145811772386064,0.244981986618631,0,0,0,0,0,0
2024-09-10,160.07000732421875,-0.7828965772514196,0.3441358024691358,0,0,0,0,0,0
2024-09-11,161.3300018310547,0.3376883129741526,0.6694087403598972,0,0,0,0,0,0
2024-09-12,162.77000427246094,0.1417944054218377,0.8581706063720452,0,0,0,0,0,0
2024-09-13,156.77000427246094,-2.0936944687384367,0.05649717514124294,0,0,0,0,0,0
2024-09-16,155.5500030517578,-0.40229428189891525,0.6206365503080082,0,0,0,0,0,0
2024-09-17,156.38999938964844,0.5396774228960335,0.50846587993843,0,0,0,0,0,0
2024-09-18,155.11000061035156,-0.14639483234029577,0.8517948717948718,0,0,0,0,0,0
2024-09-19,154.58999633789062,-0.8494073313390548,0.31266017426960535,0,0,0,0,0,0
2024-09-20,153.2899932861328,-0.3812230841908464,0.6337090163934426,0,0,0,0,0,0
2024-09-23,156.3000030517578,0.675804002545339,0.41423451100870456,0,0,0,0,0,0
2024-09-24,155.80999755859375,-0.08771984945733169,0.9129989764585466,0,0,0,0,0,0
2024-09-25,152.22000122070312,-0.9453924340722121,0.26854219948849106,0,0,0,0,0,0
2024-09-26,154.5800018310547,0.9086407136974438,0.2832310838445808,0,0,0,0,0,0
2024-09-27,156.32000732421875,0.6530540346146552,0.43127235564639754,0,0,0,0,0,0
2024-09-30,152.0399932861328,-1.5468009883683362,0.11133810010214505,0,0,0,0,0,0
2024-10-01,154.22000122070312,0.5119207659510695,0.5283307810107197,0,0,0,0,0,0
2024-10-02,152.88999938964844,-0.2116165926875873,0.7831632653061225,0,0,0,0,0,0
2024-10-03,150.52000427246094,-0.5290917869400747,0.5186129525752168,0,0,0,0,0,0
2024-10-04,155.0,1.1494532787553322,0.1890927624872579,0,0,0,0,0,0
2024-10-07,155.91000366210938,0.9274046917727221,0.2761079979623026,0,0,0,0,0,0
2024-10-08,154.64999389648438,-0.6039102645070663,0.46028513238289204,0,0,0,0,0,0
2024-10-09,149.3699951171875,-2.01974498667096,0.061068702290076333,0,0,0,0,0,0
2024-10-10,146.6199951171875,-0.49886151196698075,0.5401831129196337,0,0,0,0,0,0
2024-10-11,151.02000427246094,1.0958850347886007,0.21047280122013218,0,0,0,0,0,0
2024-10-14,148.99000549316406,-1.1663135221152585,0.18495934959349594,0,0,0,0,0,0
2024-10-15,152.35000610351562,1.8499651445932215,0.07516505840528187,0,0,0,0,0,0
2024-10-16,154.89999389648438,0.5714658049953669,0.4812182741116751,0,0,0,0,0,0
2024-10-17,155.30999755859375,0.36064940302626297,0.6539827498731609,0,0,0,0,0,0
2024-10-18,155.0,-0.15403660840820968,0.8448275862068966,0,0,0,0,0,0
2024-10-21,159.82000732421875,1.7431584109758853,0.08565636087176888,0,0,0,0,0,0
2024-10-22,159.8800048828125,0.6640832302950341,0.42249240121580545,0,0,0,0,0,0
2024-10-23,157.05999755859375,-0.2706516888438692,0.7275949367088608,0,0,0,0,0,0
2024-10-24,155.1999969482422,-0.26823970163508093,0.7312753036437247,0,0,0,0,0,0
2024-10-25,155.00999450683594,0.16429387579202684,0.834597875569044,0,0,0,0,0,0
2024-10-28,150.69000244140625,-1.0614946832805339,0.2249747219413549,0,0,0,0,0,0
2024-10-29,152.97999572753906,1.2831436708745008,0.15209701869631126,0,0,0,0,0,0
2024-10-30,154.2899932861328,0.5787487495563228,0.47525252525252526,0,0,0,0,0,0
2024-10-31,149.30999755859375,-0.6519003413876815,0.4331145885916204,0,0,0,0,0,0
2024-11-01,154.58999633789062,1.766141571966497,0.08324924318869828,0,0,0,0,0,0
2024-11-04,155.07000732421875,0.4653007752428329,0.5703479576399395,0,0,0,0,0,0
2024-11-05,151.0,-1.9508284030093919,0.06754032258064516,0,0,0,0,0,0
2024-11-06,147.16000366210938,-2.5300349416600456,0.038790931989924435,0,0,1,1,1,0
2024-11-07,150.97999572753906,1.2756191023712018,0.15508559919436052,0,0,0,0,0,0
2024-11-08,151.67999267578125,-0.3352283197164651,0.6738802214393558,0,0,0,0,0,0
2024-11-11,148.9600067138672,-1.011815937354914,0.24798792756539234,0,0,0,0,0,0
2024-11-12,145.1699981689453,-0.8230578664629098,0.32679738562091504,0,0,0,0,0,0
2024-11-13,139.97000122070312,-1.3295381464398441,0.14522613065326634,0,0,0,0,0,0
2024-11-14,138.13999938964844,0.5580744963501071,0.49422400803616273,0,0,0,0,0,0
2024-11-15,140.19000244140625,1.454987974144549,0.125,0,0,0,0,0,0
2024-11-18,143.8699951171875,1.2082630850821843,0.17511289513296538,0,0,0,0,0,0
2024-11-19,145.60000610351562,0.6002125332127582,0.46439317953861586,0,0,0,0,0,0
2024-11-20,146.0800018310547,0.23257590905109363,0.768922305764411,0,0,0,0,0,0
2024-11-21,143.41000366210938,-1.1496224164063635,0.19188376753507014,0,0,0,0,0,0
2024-11-22,149.2899932861328,2.010496409624117,0.061091637456184275,0,0,0,0,0,0
2024-11-25,153.10000610351562,1.6814177700999142,0.0980980980980981,0,0,0,0,0,0
2024-11-26,150.75999450683594,-0.9169887404873442,0.2861430715357679,0,0,0,0,0,0
2024-11-27,152.39999389648438,0.7164629584973874,0.3845,0,0,0,0,0,0
2024-11-29,155.44000244140625,0.72739200627643,0.37631184407796103,0,0,0,0,0,0
2024-12-02,156.5399932861328,0.6155777889502391,0.45504495504495507,0,0,0,0,0,0
2024-12-03,155.0,-0.3844498754661938,0.6370444333499751,0,0,0,0,0,0
2024-12-04,158.27999877929688,0.7805522291166225,0.34780439121756485,0,0,0,0,0,0
2024-12-05,156.6699981689453,-0.19853652670546798,0.800498753117207,0,0,0,0,0,0
2024-12-06,153.92999267578125,-0.6938256518951884,0.40279162512462613,0,0,0,0,0,0
2024-12-09,157.0399932861328,1.387247451968227,0.13602391629297458,0,0,0,0,0,0
2024-12-10,164.10000610351562,2.316391611597905,0.044820717131474105,0,0,0,0,0,0
2024-12-11,165.9600067138672,0.6370649817553199,0.44400199104031857,0,0,0,0,0,0
2024-12-12,167.75,0.9387521551128917,0.27562189054726366,0,0,0,0,0,0
2024-12-13,169.64999389648438,0.5369199426438767,0.5166583789159622,0,0,0,0,0,0
2024-12-16,173.1699981689453,1.0097807369915757,0.2504970178926441,0,0,0,0,0,0
2024-12-17,173.02999877929688,0.24239262265916128,0.7605563835072032,0,0,0,0,0,0
2024-12-18,172.6199951171875,1.4157010567257655,0.13157894736842105,0,0,1,1,1,0
2024-12-19,177.0399932861328,1.3698222674856837,0.13945409429280398,0,0,0,0,0,0
2024-12-20,177.35000610351562,-0.2849071609943896,0.7108134920634921,0,0,0,0,0,0
2024-12-23,177.69000244140625,0.14878553499407599,0.8532473971244422,0,0,0,0,0,0
2024-12-24,179.33999633789062,0.205094483893043,0.7928642220019821,0,0,0,0,0,0
2024-12-26,180.3800048828125,0.3149715417989249,0.6864784546805349,0,0,0,0,0,0
2024-12-27,180.72000122070312,0.5196029014313968,0.5282178217821782,0,0,0,0,0,0
2024-12-30,176.5500030517578,-0.49386157143533155,0.5497278574962889,0,0,0,0,0,0
2024-12-31,177.0,0.24216362463586258,0.7611275964391692,0,0,0,0,0,0
2025-01-02,171.8699951171875,-1.2901796775778613,0.1532377656945131,0,0,0,0,0,0
2025-01-03,169.89999389648438,-0.7544886933360286,0.3606719367588933,0,0,0,0,0,0
2025-01-06,170.77999877929688,0.5449693365532924,0.5081481481481481,0,0,0,0,0,0
2025-01-07,172.50999450683594,0.9613961316246487,0.2660414610069102,0,0,0,0,0,0
2025-01-08,171.75999450683594,-0.3393055022448759,0.6734089787863838,0,0,0,0,0,0
2025-01-09,171.75999450683594,0.09692579305903087,0.9063116370808678,0,0,0,0,0,0
2025-01-10,172.0,0.7578855719816848,0.35978314440611137,0,0,0,0,0,0
2025-01-13,170.57000732421875,-0.8882189764687535,0.29852216748768473,0,0,0,0,0,0
2025-01-14,167.02000427246094,-1.240416763358208,0.16445100935499754,0,0,0,0,0,0
2025-01-15,166.1999969482422,-0.5742952696752982,0.4822834645669291,0,0,0,0,0,0
2025-01-16,168.92999267578125,0.7334963769615279,0.3743236596163306,0,0,0,0,0,0
2025-01-17,171.08999633789062,0.3139303581591957,0.6887905604719764,0,0,0,0,0,0
2025-01-21,175.55999755859375,0.49485576419522137,0.5503685503685504,0,0,0,0,0,0
2025-01-22,174.8000030517578,-0.19217151222322154,0.8089390962671905,0,0,0,0,0,0
2025-01-23,178.5,0.7470688904773658,0.3637702503681885,0,0,0,0,0,0
2025-01-24,176.05999755859375,-0.4327065056587409,0.5956820412168793,0,0,0,0,0,0
2025-01-27,175.16000366210938,0.23965034250315886,0.7636096125551741,0,0,0,0,0,0
2025-01-28,177.77999877929688,0.6382205189037877,0.44313725490196076,0,0,0,0,0,0
2025-01-29,173.66000366210938,-0.8702656811252476,0.3067123958843704,0,0,0,0,0,0
2025-01-30,179.52999877929688,1.4288863718538807,0.12732615083251714,0,0,0,0,0,0
2025-01-31,176.52000427246094,-0.6869369601320958,0.4087126774351444,0,0,0,0,0,0
2025-02-03,175.8699951171875,0.08624810674425475,0.9178082191780822,0,0,0,0,0,0
2025-02-04,176.22999572753906,0.22812507759007095,0.7775061124694377,0,0,0,0,0,0
2025-02-05,181.83999633789062,1.5061022520786966,0.1158357771260997,0,0,0,0,0,0
2025-02-06,184.8000030517578,0.9192573623791079,0.28382999511480217,0,0,0,0,0,0
2025-02-07,181.49000549316406,-0.42984004747619,0.59912109375,0,0,0,0,0,0
2025-02-10,180.5500030517578,-0.5898585746818633,0.4719375305026842,0,0,0,0,0,0
2025-02-11,180.44000244140625,-0.1460329614484932,0.8580487804878049,0,0,0,0,0,0
2025-02-12,186.25,2.0694430568983195,0.057532910775231594,0,0,0,0,0,0
2025-02-13,185.44000244140625,-0.31974831870415,0.6851851851851852,0,0,0,0,0,0
2025-02-14,184.4199981689453,0.42880202735457407,0.5996103263516804,0,0,0,0,0,0
2025-02-18,184.97000122070312,-0.13217302518551896,0.875365141187926,0,0,0,0,0,0
2025-02-19,186.14999389648438,0.28487382447676635,0.7114355231143552,0,0,0,0,0,0
2025-02-20,180.8800048828125,-1.2900945072012873,0.15272373540856032,0,0,0,0,0,0
2025-02-21,177.14999389648438,-0.24943343941503268,0.7540106951871658,0,0,0,0,0,0
2025-02-24,179.91000366210938,0.9461630778412449,0.2706511175898931,0,0,0,0,0,0
2025-02-25,178.27000427246094,-0.6272530972314806,0.44876153472559493,0,0,0,0,0,0
2025-02-26,173.0399932861328,-1.5463193718969608,0.11116504854368932,0,0,0,0,0,0
2025-02-27,173.8300018310547,0.5980205008381304,0.4682193110140708,0,0,0,0,0,0
2025-02-28,174.6300048828125,-0.537175490676101,0.5164888457807953,0,0,0,0,0,0
2025-03-03,170.05999755859375,-1.0138938671066176,0.24624333494910325,0,0,0,0,0,0
2025-03-04,158.89999389648438,-2.786903605625299,0.027131782945736434,0,0,0,0,0,0
2025-03-05,163.16000366210938,0.6508497313512546,0.43728813559322033,0,0,0,0,0,0
2025-03-06,158.42999267578125,-0.5584999134772894,0.4975798644724105,0,0,0,0,0,0
2025-03-07,154.17999267578125,-1.8395715812345212,0.0783744557329463,0,0,0,0,0,0
2025-03-10,148.14999389648438,-1.0204802670331101,0.2432301740812379,0,0,0,0,0,0
2025-03-11,154.05999755859375,2.53709812675563,0.037699371677138716,0,0,0,0,0,0
2025-03-12,158.8000030517578,1.4887702639621303,0.11980676328502415,0,0,0,0,0,0
2025-03-13,159.32000732421875,0.5199860417490476,0.5306615161757605,0,0,0,0,0,0
2025-03-14,161.80999755859375,-0.058286430980200823,0.9473938223938224,0,0,0,0,0,0
2025-03-17,161.85000610351562,-0.5794286429796871,0.4794983116256633,0,0,0,0,0,0
2025-03-18,161.57000732421875,0.3042419987179899,0.7000964320154291,0,0,0,0,0,0
2025-03-19,172.6199951171875,3.044992723813391,0.021204819277108433,0,0,0,0,0,0
2025-03-20,172.8300018310547,0.3969837450249382,0.630057803468208,0,0,0,0,0,0
2025-03-21,178.11000061035156,1.7651828608681654,0.08425613866153106,0,0,0,0,0,0
2025-03-24,180.89999389648438,-0.04476682273260045,0.958614051973051,0,0,0,0,0,0
2025-03-25,182.58999633789062,0.08932627786075303,0.9143819143819144,0,0,0,0,0,0
2025-03-26,178.5500030517578,-0.43759432919059543,0.5923076923076923,0,0,0,0,0,0
2025-03-27,179.11000061035156,0.4486332248628538,0.5838539163863528,0,0,0,0,0,0
2025-03-28,173.30999755859375,-0.586496805925956,0.47310278578290105,0,0,0,0,0,0
2025-03-31,170.5500030517578,-1.0865675844587093,0.2198751800288046,0,0,0,0,0,0
2025-04-01,168.1699981689453,-0.8793566077634669,0.30470249520153553,0,0,0,0,0,0
2025-04-02,168.55999755859375,-0.045149687145838314,0.958273381294964,0,0,0,0,0,0
2025-04-03,150.91000366210938,-3.376223882569402,0.015819750719079578,0,0,0,0,0,0
2025-04-04,136.58999633789062,-0.40994212306686056,0.6205079060852899,0,0,1,1,1,0
2025-04-07,138.86000061035156,1.0461521594859262,0.23659003831417624,0,0,0,0,0,0
2025-04-08,139.38999938964844,0.5632264797911081,0.4930588798468167,0,0,0,0,0,0
2025-04-09,160.82000732421875,1.2621125273104308,0.1598086124401914,0,1,1,2,2,1
2025-04-10,155.52000427246094,0.8282995263787496,0.32615973218555716,0,0,0,0,0,0
2025-04-11,156.83999633789062,-0.6001213334907839,0.4670172084130019,0,0,0,0,0,0
2025-04-14,159.27999877929688,0.20031868993862162,0.800764452938366,0,0,1,1,1,0
2025-04-15,155.52000427246094,-0.9503696411864733,0.2707736389684814,0,0,0,0,0,0
2025-04-16,156.47000122070312,1.3364802064569334,0.14558472553699284,0,0,0,0,0,0
2025-04-17,161.89999389648438,1.774779071383214,0.08301526717557252,0,0,0,0,0,0
2025-04-21,159.33999633789062,0.7498388272516008,0.3638531235097759,0,0,0,0,0,0
2025-04-22,162.52000427246094,-0.3642985658171832,0.6572926596758818,0,0,0,0,0,0
2025-04-23,172.3699951171875,1.740716678465794,0.08766079085278704,0,0,0,0,0,0
2025-04-24,176.25999450683594,0.003382905453100323,0.9980952380952381,0,0,0,0,0,0
2025-04-25,177.9499969482422,-0.3771333020857647,0.6463588767253688,0,0,0,0,0,0
2025-04-28,182.3000030517578,0.927945072336422,0.28116079923882015,0,0,0,0,0,0
2025-04-29,182.0,-0.32286695371169966,0.6861626248216833,0,0,0,0,0,0
2025-04-30,183.24000549316406,0.21732326495166418,0.7846958174904943,0,0,0,0,0,0
2025-05-01,182.88999938964844,-0.6392587193969826,0.44228028503562944,0,0,0,0,0,0
2025-05-02,185.4600067138672,-0.19345595143486266,0.8105413105413105,0,0,0,0,0,0
2025-05-05,186.4600067138672,0.48237120492055946,0.561936402467964,0,0,0,0,0,0
2025-05-06,185.9600067138672,0.4524419243137115,0.5815939278937381,0,0,0,0,0,0
2025-05-07,185.55999755859375,-0.2124174048918635,0.7889995258416311,0,0,0,0,0,0
2025-05-08,191.6999969482422,1.1379335024703858,0.1985781990521327,0,0,0,0,0,0
2025-05-09,194.85000610351562,0.9028604386511723,0.29227854097584083,0,0,0,0,0,0
2025-05-12,198.52999877929688,-0.5543476539604637,0.5028409090909091,0,0,0,0,0,0
2025-05-13,203.4199981689453,0.9155948282909256,0.2882158069096072,0,0,0,0,0,0
2025-05-14,204.72000122070312,0.6761507095386066,0.4181646168401135,0,0,0,0,0,0
2025-05-15,206.24000549316406,-0.4801531198221585,0.5645390070921986,0,0,0,0,0,0
2025-05-16,205.82000732421875,-0.5412718401651655,0.5155954631379962,0,0,0,0,0,0
2025-05-19,205.25,-0.4614627920881336,0.5786490316485593,0,0,0,0,0,0
2025-05-20,207.6699981689453,0.742981967133686,0.3687440982058546,0,0,0,0,0,0
2025-05-21,203.2100067138672,-0.10570841411974825,0.8994808872109485,0,0,0,0,0,0
2025-05-22,203.41000366210938,0.09964542880163314,0.9061320754716982,0,0,0,0,0,0
2025-05-23,202.36000061035156,0.1590949386695267,0.8453559641678453,0,0,0,0,0,0
2025-05-26,202.36000061035156,0.018452975521719196,0.9844486333647502,0,0,0,0,0,0
2025-05-27,201.02999877929688,-1.736763618716294,0.08761186999528968,0,0,1,1,1,0
2025-05-28,201.5,0.49517125143074625,0.5508474576271186,0,0,0,0,0,0
2025-05-29,208.17999267578125,1.3489904250025142,0.14258823529411765,0,0,0,0,0,0
2025-05-30,207.32000732421875,-0.4061110693886112,0.625587958607714,0,0,0,0,0,0
2025-06-02,211.47000122070312,0.6281517122976839,0.44851904090267986,0,0,0,0,0,0
2025-06-03,213.42999267578125,0.09162216227759801,0.9125939849624061,0,0,0,0,0,0
2025-06-04,211.97999572753906,-0.4990212781923034,0.5462658525129168,0,0,0,0,0,0
2025-06-05,209.02000427246094,-0.3380181987241751,0.6765258215962441,0,0,0,0,0,0
2025-06-06,210.8000030517578,-0.08743661357720131,0.9178789300797747,0,0,0,0,0,0
2025-06-09,217.50999450683594,1.6244971832671746,0.1022514071294559,0,0,0,0,0,0
2025-06-10,215.72999572753906,-0.4980599049201582,0.5480543834974215,0,0,0,0,0,0
2025-06-11,214.0,-0.3598532560995375,0.6616682286785379,0,0,0,0,0,0
2025-06-12,203.75,-2.8536892513611543,0.02529274004683841,0,0,0,0,0,0
2025-06-13,200.32000732421875,-1.0019832551883756,0.2542134831460674,0,0,0,0,0,0
2025-06-16,201.6999969482422,-0.08596592236227883,0.9195133364529715,0,0,0,0,0,0
2025-06-17,200.25999450683594,-0.17344529573319714,0.8278765201122544,0,0,0,0,0,0
2025-06-18,197.67999267578125,-0.30442293925178693,0.7007947639083684,0,0,0,0,0,0
2025-06-20,198.75,0.2930950712326994,0.708411214953271,0,0,0,0,0,0
2025-06-23,201.30999755859375,0.11312651237347301,0.8897711349836525,0,0,0,0,0,0
2025-06-24,200.94000244140625,-0.11254727410625723,0.8912231559290383,0,0,0,0,0,0
2025-06-25,198.89999389648438,-0.6317737180544788,0.4456369575361643,0,0,0,0,0,0
2025-06-26,202.5800018310547,0.40410872706801004,0.6259328358208955,0,0,0,0,0,0
2025-06-27,214.5500030517578,2.577792640950583,0.03636363636363636,0,0,0,0,0,0
2025-06-30,209.52999877929688,-1.6516591627636852,0.1011183597390494,0,0,0,0,0,0
2025-07-01,209.7899932861328,0.36638340738133535,0.6534699580810434,0,0,0,0,0,0
2025-07-02,212.02999877929688,0.5066768424292575,0.5386405959031657,0,0,0,0,0,0
2025-07-03,215.9199981689453,0.40061300887226176,0.6295951605397859,0,0,0,0,0,0
2025-07-04,215.9199981689453,0.020040460654372195,0.9837209302325581,0,0,0,0,0,0
2025-07-07,218.6300048828125,0.8836916643239509,0.301720130172013,0,0,0,0,0,0
2025-07-08,218.52000427246094,0.15452725395934014,0.8485130111524164,0,0,0,0,0,0
2025-07-09,226.60000610351562,1.414208727956618,0.13237343241987923,0,0,0,0,0,0
2025-07-10,226.08999633789062,-0.3041852486824129,0.7014856081708449,0,0,0,0,0,0
2025-07-11,226.83999633789062,0.2878258961250638,0.7104408352668213,0,0,0,0,0,0
2025-07-14,230.50999450683594,0.46949992655794953,0.5681818181818182,0,0,0,0,0,0
2025-07-15,230.0,0.25318443630624254,0.7524339360222532,0,0,0,0,0,0
2025-07-16,229.89999389648438,-0.3025047236948748,0.7025023169601483,0,0,0,0,0,0
2025-07-17,231.0,-0.214324677806439,0.7855488652153775,0,0,0,0,0,0
2025-07-18,229.33999633789062,-0.3345168876446149,0.6773148148148148,0,0,0,0,0,0
2025-07-21,229.32000732421875,-0.06048786614301117,0.94447015270708,0,0,0,0,0,0
2025-07-22,228.47999572753906,0.13718411797337696,0.8700277520814061,0,0,0,0,0,0
2025-07-23,233.8800048828125,0.3826523852910219,0.6380027739251041,0,0,0,0,0,0
2025-07-24,231.27000427246094,-0.5991591343113547,0.46349353049907577,0,0,0,0,0,0
2025-07-25,233.05999755859375,0.15793626435424896,0.8457274826789838,0,0,0,0,0,0
2025-07-28,236.41000366210938,0.8469661617080557,0.31671283471837486,0,0,0,0,0,0
2025-07-29,226.0800018310547,-2.2750501321855507,0.046146746654360866,0,0,0,0,0,0
2025-07-30,225.83999633789062,0.038843785684385145,0.9644833948339483,0,0,0,0,0,0
2025-07-31,221.83999633789062,-0.825080746516883,0.32503457814661135,0,0,0,0,0,0
2025-08-01,221.89999389648438,0.9577070521206827,0.2640552995391705,0,0,0,0,0,0
2025-08-04,222.33999633789062,-0.7728196792085513,0.3486872409028098,0,0,0,0,0,0
2025-08-05,224.86000061035156,0.8468579683197829,0.31721915285451197,0,0,0,0,0,0
2025-08-06,225.0399932861328,-0.3550846649711355,0.6645190980211689,0,0,0,0,0,0
2025-08-07,227.3300018310547,0.5934940890924155,0.4668813247470101,0,0,0,0,0,0
2025-08-08,229.1199951171875,0.18594172306671003,0.8165517241379311,0,0,0,0,0,0
2025-08-11,225.9600067138672,-0.6354314681977694,0.4407169117647059,0,0,0,0,0,0
2025-08-12,232.61000061035156,0.7529844767895699,0.3587505741846578,0,0,0,0,0,0
2025-08-13,233.3699951171875,-0.035081989621055146,0.9664830119375574,0,0,0,0,0,0
2025-08-14,233.19000244140625,-0.1139060285357833,0.8875631023405232,0,0,0,0,0,0
2025-08-15,235.25999450683594,0.5723059499900148,0.48119266055045873,0,0,0,0,0,0
2025-08-18,232.41000366210938,-0.6897599081799369,0.4034846400733608,0,0,0,0,0,0
2025-08-19,225.0,-1.2677583157308432,0.15811182401466545,0,0,0,0,0,0
2025-08-20,225.6199951171875,0.04708951635291731,0.956481905634448,0,0,0,0,0,0
2025-08-21,224.4600067138672,-0.18093152077605199,0.8205128205128205,0,0,0,0,0,0
2025-08-22,230.1199951171875,0.6236680905244191,0.448512585812357,0,0,0,0,0,0
2025-08-25,226.8699951171875,-0.5540001101632188,0.4990850869167429,0,0,0,0,0,0
2025-08-26,234.8300018310547,1.2773566964699075,0.15546410608139002,0,0,0,0,0,0
2025-08-27,235.6199951171875,0.10151496325164473,0.9021937842778793,0,0,0,0,0,0
2025-08-28,236.16000366210938,-0.14744698320623517,0.8551850159890361,0,0,0,0,0,0
2025-08-29,234.67999267578125,-0.0276983276267819,0.9767123287671233,0,0,0,0,0,0
2025-09-02,237.3800048828125,0.9513081890998517,0.26517571884984026,0,0,0,0,0,0
2025-09-03,232.3800048828125,-1.4591421478432154,0.12317518248175183,0,0,0,0,0,0
2025-09-04,230.75,-1.08742084223003,0.2165982672138623,0,0,0,0,0,0
2025-09-05,229.61000061035156,0.0073304809934078285,0.9949863263445761,0,0,0,0,0,0
2025-09-08,230.9499969482422,0.38978856852359,0.6332574031890661,0,0,0,0,0,0
2025-09-09,229.52000427246094,-0.37473093583052025,0.6438979963570127,0,0,0,0,0,0
2025-09-10,227.52000427246094,-0.926360356953264,0.2781065088757396,0,0,0,0,0,0
2025-09-11,219.99000549316406,-2.519396113784745,0.03821656050955414,0,0,0,0,0,0
2025-09-12,215.94000244140625,-0.8579374927419918,0.3105957253296953,0,0,0,0,0,0
2025-09-15,215.75,-0.6164983527248021,0.45227272727272727,0,0,0,0,0,0
2025-09-16,215.02000427246094,-0.1703736325527279,0.8296228986824171,0,0,0,0,0,0
2025-09-17,214.6300048828125,0.023384656625713755,0.9818346957311535,0,0,0,0,0,0
2025-09-18,215.66000366210938,0.011165544442875862,0.9904675442578302,0,0,0,0,0,0
2025-09-19,215.64999389648438,-0.2697560923247645,0.7323049001814882,0,0,0,0,0,0
2025-09-22,212.08999633789062,-1.2867103260725674,0.15328798185941042,0,0,0,0,0,0
2025-09-23,216.33999633789062,1.2023143090510309,0.17724388032638258,0,0,0,0,0,0
2025-09-24,215.10000610351562,-0.15438914398798573,0.8468509288627095,0,0,0,0,0,0
2025-09-25,213.52999877929688,-0.11799963601039289,0.8831521739130435,0,0,0,0,0,0
2025-09-26,221.25999450683594,1.5031658879693497,0.11679492983250339,0,0,0,0,0,0
2025-09-29,217.0800018310547,-1.194059469267092,0.17873303167420815,0,0,0,0,0,0
2025-09-30,215.8300018310547,-0.9319849316962184,0.27589326096788785,0,0,0,0,0,0
2025-10-01,215.1999969482422,-0.33750563345921597,0.6740506329113924,0,0,0,0,0,0
2025-10-02,217.42999267578125,0.49087160080910147,0.5503840939900587,0,0,0,0,0,0
2025-10-03,216.3000030517578,-0.4106321039191466,0.6156278229448962,0,0,0,0,0,0
2025-10-06,219.72999572753906,0.4309640187052215,0.5954853273137698,0,0,0,0,0,0
2025-10-07,221.82000732421875,0.6340817121773175,0.440884476534296,0,0,0,0,0,0
2025-10-08,225.32000732421875,0.4285311935540118,0.5981055480378891,0,0,0,0,0,0
2025-10-09,216.0,-2.0107607050046106,0.059513074842200184,0,0,0,0,0,0
2025-10-10,210.72999572753906,0.34243076216447776,0.6714736367733213,0,0,0,0,0,0
2025-10-13,215.55999755859375,0.4115565188696132,0.6144144144144145,0,0,0,0,0,0
2025-10-14,214.3000030517578,-0.43570287169964306,0.590274651058082,0,0,0,0,0,0
2025-10-15,214.0,-0.12700810255369602,0.8766876687668766,0,0,0,0,0,0
2025-10-16,211.88999938964844,-0.19394706233380493,0.8061178587494376,0,0,0,0,0,0
2025-10-17,212.94000244140625,-0.05820474998543929,0.9455935251798561,0,0,0,0,0,0
2025-10-20,216.82000732421875,0.2147696949986247,0.7815730337078651,0,0,0,0,0,0
2025-10-21,217.25999450683594,-0.06165012926199541,0.9407008086253369,0,0,0,0,0,0
2025-10-22,216.58999633789062,0.17589474025584562,0.8212842388863942,0,0,0,0,0,0
2025-10-23,217.77000427246094,-0.21913085136122823,0.7782764811490126,0,0,0,0,0,0
2025-10-24,221.35000610351562,0.5371937968112779,0.5114401076716016,0,0,0,0,0,0
2025-10-27,223.0,-0.2811571056307821,0.715695067264574,0,0,0,0,0,0
2025-10-28,223.3300018310547,-0.030803534693085353,0.9717615419094576,0,0,0,0,0,0
2025-10-29,213.5800018310547,-2.512588071645267,0.03853046594982079,0,0,0,0,0,0
2025-10-30,200.0800018310547,-2.9314597408639123,0.02328705776981639,0,0,0,0,0,0
2025-10-31,201.02000427246094,0.010807742084006849,0.991047448522829,0,0,0,0,0,0
2025-11-03,204.5500030517578,0.9995375991216039,0.25100671140939596,0,0,0,0,0,0
2025-11-04,198.0500030517578,-1.0222925861575458,0.23837209302325582,0,0,0,0,0,0
2025-11-05,197.6199951171875,-0.14006347006309053,0.8632096557890031,0,0,0,0,0,0
2025-11-06,196.5,0.27103230281370383,0.7283288650580876,0,0,0,0,0,0
2025-11-07,194.61000061035156,-0.7241231389742107,0.37472085752568113,0,0,0,0,0,0
2025-11-10,194.80999755859375,-1.0284558926929646,0.23705357142857142,0,0,0,0,0,0
2025-11-11,195.2100067138672,-0.03480127521963571,0.965640339134315,0,0,0,0,0,0
2025-11-12,195.5,0.15050374742094225,0.848349687778769,0,0,0,0,0,0
2025-11-13,194.5800018310547,0.7900017735320382,0.3397235844850646,0,0,0,0,0,0
2025-11-14,194.52000427246094,-0.06637922266885579,0.9336007130124777,0,0,0,0,0,0
2025-11-17,191.80999755859375,-0.2838606880764014,0.710913140311804,0,0,0,0,0,0
2025-11-18,189.6300048828125,-0.08021390317242746,0.9229741763134461,0,0,0,0,0,0
2025-11-19,185.6999969482422,-1.311654267645079,0.14730752113929685,0,0,0,0,0,0
2025-11-20,179.3800048828125,-0.9834346063858447,0.2540035587188612,0,0,0,0,0,0
2025-11-21,179.6999969482422,-0.24547102863865022,0.7550022232103157,0,0,0,0,0,0
2025-11-24,179.1199951171875,-0.9654294621388068,0.2591111111111111,0,0,0,0,0,0
2025-11-25,182.44000244140625,0.4940846264037227,0.5450910706352732,0,0,0,0,0,0
2025-11-26,186.9199981689453,0.8985320461632385,0.28996447602131437,0,0,0,0,0,0
2025-11-28,189.0,0.16942280529722897,0.8277851753217932,0,0,0,0,0,0
2025-12-01,186.4600067138672,0.24389128027868187,0.7559893522626442,0,0,0,0,0,0
2025-12-02,205.3800048828125,5.43322870456576,0.003991130820399113,1,0,0,1,1,0
2025-12-03,202.5399932861328,-1.1862526530652253,0.1799645390070922,0,0,0,0,0,0
2025-12-04,201.8699951171875,-0.2888346527657128,0.7049180327868853,0,0,0,0,0,0
2025-12-05,201.88999938964844,-0.0022788556769339223,0.9991142604074402,0,0,0,0,0,0
2025-12-08,206.27000427246094,1.1046425845691452,0.20628596724214254,0,0,0,0,0,0
2025-12-09,200.3699951171875,-1.4341970361057872,0.12477876106194691,0,0,0,0,0,0
2025-12-10,198.72000122070312,-0.8782691840860768,0.30340557275541796,0,0,0,0,0,0
2025-12-11,200.7100067138672,0.13118841460782454,0.8717948717948718,0,0,0,0,0,0
2025-12-12,204.3800048828125,1.3660098961253875,0.13742819266460451,0,0,0,0,0,0
2025-12-15,205.5,0.17628283700742448,0.8193462897526502,0,0,0,0,0,0
2025-12-16,206.7100067138672,0.7697940377947564,0.34922737306843266,0,0,0,0,0,0
2025-12-17,206.3300018310547,0.8497783235210302,0.3146513680494263,0,0,0,0,0,0
2025-12-18,208.27000427246094,-0.00025938125971341564,0.9995588883987648,0,0,0,0,0,0
2025-12-19,214.0800018310547,0.7108400520457008,0.38668430335097004,0,0,0,0,0,0
2025-12-22,216.83999633789062,-0.06607928244151924,0.9343323049801675,0,0,0,0,0,0
2025-12-23,216.85000610351562,-0.22646751002121143,0.7726872246696035,0,0,0,0,0,0
2025-12-24,218.16000366210938,0.08446397414468476,0.9180977542932629,0,0,0,0,0,0
2025-12-26,216.44000244140625,-0.2717683013016586,0.7253521126760564,0,0,0,0,0,0
2025-12-29,217.25,0.5389844886850708,0.5090189177298724,0,0,0,0,0,0
2025-12-30,218.5,0.4629554705671972,0.56948109058927,0,0,0,0,0,0
2025-12-31,217.1199951171875,0.26579702447863285,0.7336263736263736,0,0,0,0,0,0
2026-01-02,227.77000427246094,1.9703006357568544,0.06502636203866433,0,0,0,0,0,0
2026-01-05,228.1300048828125,-0.8421937089441723,0.31752305665349145,0,0,0,0,0,0
2026-01-06,229.83999633789062,-0.13056917886455735,0.8722563652326603,0,0,0,0,0,0
2026-01-07,228.1199951171875,0.39380476646162477,0.6261518209741115,0,0,0,0,0,0
2026-01-08,227.3800048828125,-0.34480605875586523,0.6649122807017543,0,0,0,0,0,0
2026-01-09,234.52999877929688,0.8459198347743331,0.3160894344585708,0,0,0,0,0,0
2026-01-12,239.80999755859375,0.807579725106663,0.33304119193689746,0,0,0,0,0,0
2026-01-13,244.5500030517578,0.9834344493520791,0.25317564607971965,0,0,0,0,0,0
2026-01-14,242.61000061035156,-0.8250733914031029,0.3248686514886165,0,0,0,0,0,0
2026-01-15,247.74000549316406,0.9495063275316478,0.2660831509846827,0,0,0,0,0,0
2026-01-16,247.67999267578125,-0.36881904298343904,0.6452318460192475,0,0,0,0,0,0
2026-01-20,249.0,2.1765612230270603,0.050721469173589856,0,0,0,0,0,0
2026-01-21,250.07000732421875,-0.6479650833245101,0.4313811188811189,0,0,0,0,0,0
2026-01-22,251.41000366210938,0.03809999370011445,0.9619921363040629,0,0,0,0,0,0
2026-01-23,252.14999389648438,0.18951829090845929,0.8078602620087336,0,0,0,0,0,0
2026-01-26,248.42999267578125,-0.7624471787624275,0.3548668703622872,0,0,0,0,0,0
2026-01-27,244.55999755859375,-1.625820584639272,0.09991273996509599,0,0,0,0,0,0
2026-01-28,241.58999633789062,-0.46597653570407677,0.5678150894025294,0,0,0,0,0,0
2026-01-29,234.0399932861328,-1.8519496731417582,0.07279860505666957,0,0,0,0,0,0
2026-01-30,233.72000122070312,-0.003978490459164937,0.9965141612200435,0,0,0,0,0,0
2026-02-02,233.02000427246094,-0.49029329964445517,0.5474738675958188,0,0,0,0,0,0
2026-02-03,233.14999389648438,0.4375291384605566,0.585981715280801,0,0,0,0,0,0
2026-02-04,235.9499969482422,1.4131263518423736,0.13011314186248912,0,0,0,0,0,0
2026-02-05,236.9499969482422,0.8528046755630211,0.31056981296215747,0,0,0,0,0,0
2026-02-06,243.02999877929688,-0.0042882827975864925,0.9960869565217392,0,0,0,0,0,0
2026-02-09,244.7100067138672,0.38492718102608464,0.632768361581921,0,0,0,0,0,0
2026-02-10,242.58999633789062,-0.04934541537406484,0.9509122502172024,0,0,0,0,0,0
2026-02-11,236.25999450683594,-1.2817862426094395,0.1532783326096396,0,0,0,0,0,0
2026-02-12,239.35000610351562,1.3168891346327012,0.1462673611111111,0,0,0,0,0,0
2026-02-13,242.9600067138672,0.5720858456419842,0.4789587852494577,0,0,0,0,0,0
2026-02-17,244.0399932861328,0.0622337288124929,0.9384215091066782,0,0,0,0,0,0
2026-02-18,238.92999267578125,-1.6125030719102535,0.10143042912873862,0,0,0,0,0,0
2026-02-19,233.7100067138672,-1.4089654505648783,0.13084922010398614,0,0,0,0,0,0
2026-02-20,232.02999877929688,-0.7947137630553088,0.3408401905586834,0,0,0,0,0,0
2026-02-23,230.44000244140625,0.46436366129019546,0.5696969696969697,0,0,0,0,0,0
2026-02-24,233.38999938964844,0.2643093566118363,0.7356122890523583,0,0,0,0,0,0
2026-02-25,230.36000061035156,-0.890223212941039,0.29411764705882354,0,0,0,0,0,0
2026-02-26,229.41000366210938,-0.09624581637699395,0.9027237354085603,0,0,0,0,0,0
2026-02-27,227.52999877929688,-0.5773300477545392,0.4757994814174589,0,0,0,0,0,0
2026-03-02,229.74000549316406,-0.17722790536557007,0.8181425485961124,0,0,0,0,0,0
2026-03-03,224.1199951171875,-0.4910853315666981,0.5462003454231433,0,0,0,0,0,0
2026-03-04,227.30999755859375,0.49503658201242695,0.5429434613724644,0,0,0,0,0,0
2026-03-05,222.05999755859375,-0.6242518922298607,0.4456427955133736,0,0,0,0,0,0
2026-03-06,231.11000061035156,2.5499763526628243,0.03622250970245795,0,0,0,0,0,0
2026-03-09,225.0,-1.7123881216069088,0.08879310344827586,0,0,0,0,0,0
2026-03-10,217.75999450683594,-1.6114523847653905,0.10211115898319689,0,0,0,0,0,0
2026-03-11,214.10000610351562,-0.817877661596725,0.32945736434108525,0,0,0,0,0,0
2026-03-12,204.75999450683594,-1.1846724367762322,0.18123116659492036,0,0,0,0,0,0
2026-03-13,209.88999938964844,2.0143961528383922,0.05895008605851979,0,0,0,0,0,0
2026-03-16,213.47000122070312,0.2583199747331042,0.741505376344086,0,0,0,0,0,0
2026-03-17,210.82000732421875,-0.4820558587226495,0.555889939810834,0,0,0,0,0,0
2026-03-18,205.99000549316406,-0.5758306361619067,0.47743876235496346,0,0,0,0,0,0
2026-03-19,201.17999267578125,-0.79725510612289,0.3397766323024055,0,0,0,0,0,0
2026-03-20,195.1199951171875,-0.5266560568201134,0.5208243881494203,0,0,0,0,0,0
2026-03-23,198.41000366210938,0.9503153692192494,0.2665236051502146,0,0,0,0,0,0
2026-03-24,196.4199981689453,-0.2379248091677812,0.7636207636207636,0,0,0,0,0,0
2026-03-25,199.61000061035156,0.13865733059330282,0.864065180102916,0,0,0,0,0,0
2026-03-26,194.36000061035156,-0.23001265182075645,0.7715387912558938,0,0,0,0,0,0
2026-03-27,190.52000427246094,0.3114356472246788,0.6889460154241646,0,0,0,0,0,0
2026-03-30,189.2100067138672,0.3237416548070555,0.6800856531049251,0,0,0,0,0,0
2026-03-31,199.02999877929688,0.6295147412123362,0.442208904109589,0,0,0,0,0,0
2026-04-01,207.32000732421875,1.4125257134758358,0.1305091998288404,0,0,0,0,0,0
2026-04-02,208.22000122070312,0.022922798961272018,0.9803250641573995,0,0,0,0,0,0
2026-04-06,212.3000030517578,0.601711335635704,0.4591705857203933,0,0,0,0,0,0
2026-04-07,210.0,-0.42463023948064504,0.6004273504273504,0,0,0,0,0,0
2026-04-08,217.8000030517578,0.12468243954293005,0.877402819307988,0,0,0,0,0,0
2026-04-09,220.05999755859375,0.39530872760631786,0.6259607173356105,0,0,0,0,0,0
2026-04-10,217.6300048828125,-0.1653381105671447,0.8326931284677763,0,0,0,0,0,0
2026-04-13,222.13999938964844,0.5139218392195687,0.5268771331058021,0,0,0,0,0,0
2026-04-14,223.77000427246094,-0.26527202013545853,0.7343283582089553,0,0,0,0,0,0
2026-04-15,223.92999267578125,-0.09419221410505,0.9062233589087809,0,0,0,0,0,0
2026-04-16,218.8800048828125,-1.2092247634641946,0.17383894333191308,0,0,0,0,0,0
2026-04-17,223.3800048828125,0.6356006554793286,0.436541737649063,0,0,0,0,0,0
2026-04-20,225.0800018310547,0.9511200461265893,0.26394210302256277,0,0,0,0,0,0
2026-04-21,219.16000366210938,0.034203044100925485,0.965531914893617,0,0,0,0,0,0
2026-04-22,231.27999877929688,3.820316158065388,0.011484474691620587,0,0,0,0,0,0
2026-04-23,234.14999389648438,1.0157712702727073,0.24107142857142858,0,0,0,0,0,0
2026-04-24,232.44000244140625,-0.29622877484690235,0.7012324691882703,0,0,0,0,0,0
2026-04-27,231.3300018310547,-0.34527946306061025,0.6656754460492779,0,0,0,0,0,0
2026-04-28,230.72000122070312,-0.004280498153650571,0.9961783439490446,0,0,0,0,0,0
2026-04-29,224.11000061035156,-1.4902372510402295,0.11629881154499151,0,0,0,0,0,0
2026-04-30,229.02999877929688,0.41370009566006477,0.6100975816716164,0,0,0,0,0,0
2026-05-01,227.3800048828125,-0.25997096627840993,0.73960983884648,0,0,0,0,0,0
2026-05-04,221.3000030517578,-1.260649614144231,0.15896566341670199,0,0,0,0,0,0
2026-05-05,224.3800048828125,0.4698752486160113,0.5614406779661016,0,0,0,0,0,0
2026-05-06,229.92999267578125,0.2873377799785675,0.7052096569250318,0,0,0,0,0,0
2026-05-07,231.02999877929688,0.7119980895953683,0.3848433530906012,0,0,0,0,0,0
2026-05-08,237.36000061035156,1.3543040429823967,0.1396529834955565,0,0,0,0,0,0
2026-05-11,238.2100067138672,-0.12449225708284033,0.877326565143824,0,0,0,0,0,0
2026-05-12,236.8699951171875,-0.260836821601493,0.7386892177589852,0,0,0,0,0,0
2026-05-13,240.60000610351562,0.7843207881183468,0.3444632290786137,0,0,0,0,0,0
2026-05-14,229.2100067138672,-2.993480824962839,0.021123785382340516,0,0,0,0,0,0
2026-05-15,220.49000549316406,-1.0178048452019792,0.23986486486486486,0,0,0,0,0,0
2026-05-18,220.61000061035156,-0.471198236952585,0.5601519628535246,0,0,0,0,0,0
2026-05-19,215.00999450683594,-1.0497335915462824,0.22953586497890296,0,0,0,0,0,0
2026-05-20,222.1999969482422,1.4257345038017282,0.12652889076339097,0,0,0,0,0,0
2026-05-21,219.61000061035156,-0.7364920879781409,0.3697301854974705,0,0,0,0,0,0
2026-05-22,219.02000427246094,-0.470933098361748,0.561314791403287,0,0,0,0,0,0
2026-05-25,219.02000427246094,0.057859434210079226,0.9443976411120472,0,0,0,0,0,0
2026-05-26,218.89999389648438,-0.5688388324755348,0.48210526315789476,0,0,0,0,0,0
2026-05-27,224.3000030517578,1.5677176738225633,0.1069023569023569,0,0,0,0,0,0
2026-05-28,228.77999877929688,0.5898594329171508,0.4661337820782499,0,0,0,0,0,0
2026-05-29,231.14999389648438,0.4319879399005866,0.592094196804037,0,0,0,0,0,0
2026-06-01,224.3000030517578,-1.1140281447641271,0.20470786044556535,0,0,0,0,0,0
2026-06-02,217.6999969482422,-1.596873857401787,0.10294117647058823,0,0,0,0,0,0
2026-06-03,210.5800018310547,-1.2521117886329194,0.1629567408651827,0,0,0,0,0,0
2026-06-04,217.4199981689453,0.7109585723366654,0.3874895046179681,0,0,0,0,0,0
2026-06-05,215.4499969482422,0.7685075097483669,0.3529164918170373,0,0,0,0,0,0
2026-06-08,215.9199981689453,0.272748893826441,0.7256711409395973,0,0,0,0,0,0
2026-06-09,214.50999450683594,-0.6061121862505595,0.4570230607966457,0,0,0,0,0,0
2026-06-10,209.0,-0.33365151945124405,0.6747694886839899,0,0,0,0,0,0
2026-06-11,221.6300048828125,1.6261363202394217,0.09844993715961457,0,0,0,0,0,0
2026-06-12,219.0500030517578,-0.8114857026987153,0.33207705192629816,0,0,0,0,0,0
2026-06-15,228.9499969482422,1.7679714315409933,0.07994976977814985,0,0,0,0,0,0
2026-06-16,227.49000549316406,-0.3713584666899666,0.6460251046025105,0,0,0,0,0,0
2026-06-17,225.6300048828125,0.27426735691213167,0.7252195734002509,0,0,0,0,0,0
2026-06-18,222.72000122070312,-0.15570795095427742,0.8440635451505016,0,0,0,0,0,0
2026-06-22,220.8300018310547,0.32090702914781366,0.6819891349770163,0,0,0,0,0,0
2026-06-23,216.7100067138672,-0.7811461349274061,0.3458646616541353,0,0,0,0,0,0
2026-06-24,220.25,1.2327554111601908,0.16826722338204592,0,0,0,0,0,0
2026-06-25,223.66000366210938,0.10691325746219851,0.8944073455759599,0,0,0,0,0,0
